date,Comm,Consumer,Energy,Financials,Healthcare,Industrials,Materials,RealEstate,Tech,Utilities
2020-01-03,0.08685714285714285,-0.08948279653679651,0.055450035087719285,0.10557238095238095,0.22046571428571432,-0.001730000000000001,0.13148125,-0.027414999999999995,0.08789583333333333,0.210225
2020-01-06,0.20783194444444442,0.1162630637254902,0.08543969696969697,0.284306,0.32718,0.0735287037037037,-0.069765,0.148,-0.013116666666666676,0.011312500000000003
2020-01-07,0.29263333333333336,0.1472385,0.10692222222222221,0.140525,0.12478933333333334,0.030057142857142855,0.12726666666666667,0.2294,0.00910267857142857,0.6369
2020-01-08,0.1929775,0.0717625,-0.018874999999999986,0.4676833333333333,0.25715185185185185,0.038852380952380944,-0.09959999999999998,-0.10079999999999999,0.087443125,0.27973333333333333
2020-01-09,0.16018,0.33712484126984127,0.10351000000000002,0.28017733333333333,0.32549999999999996,0.033716666666666666,0.04242222222222222,0.0,0.126956,0.074
2020-01-10,0.03584583333333334,-0.008151999999999998,0.07396200000000001,0.21935833333333332,0.24778000000000003,0.06693333333333333,-0.10715,-0.08180000000000001,0.32739583333333333,0.15612083333333332
2020-01-13,0.0015479166666666697,0.08908528571428571,0.13454349999999998,0.20119000000000004,0.13385750000000002,0.07404583333333334,0.32985,0.2394666666666667,0.22766708333333333,0.006599999999999999
2020-01-14,0.14145,0.08825833333333333,0.2138183333333333,0.0395654761904762,0.32362499999999994,0.17661166666666664,0.1643,0.148,0.22985333333333333,0.2927166666666667
2020-01-15,0.0006972222222222194,0.12414047619047619,0.15482666666666667,0.1028935873015873,0.22993333333333332,-0.09173124999999997,0.17298333333333335,0.0252875,0.018463666666666666,0.11571250000000001
2020-01-16,0.1423625,0.22151928571428572,0.17142380952380953,0.16894032478632476,0.12518125000000002,0.2856666666666667,0.1101,0.24766666666666667,0.25404166666666667,0.15306041666666667
2020-01-17,0.0634,0.09816533333333331,0.15342944444444445,0.19559600000000002,0.20040555555555553,0.27439583333333334,0.31393333333333334,0.18714999999999998,0.1292455144855145,0.15105022222222222
2020-01-21,-0.027549999999999998,0.0803276515151515,0.18652214285714286,0.18864666666666668,0.1364540476190476,0.12303828571428573,0.012607499999999997,0.08384444444444444,0.06527733333333334,0.17614000000000002
2020-01-22,0.18275,0.14346657142857142,0.26565,0.02551666666666667,0.07989895833333333,-0.023519047619047617,-0.09866666666666667,0.055400000000000005,0.2021525,0.16193645833333334
2020-01-23,0.1975425714285714,0.12347166666666669,0.06157333333333333,0.032470000000000006,0.020309999999999998,0.05886547619047619,0.09407,0.314,0.04576555555555555,0.014825
2020-01-24,0.1308696212121212,0.08374730769230769,0.18136166666666667,-0.09515,0.2246453333333333,0.11282888888888888,0.14948,0.0903,0.08030172043010753,0.19573976470588236
2020-01-27,-0.032705,0.029636666666666672,0.04191166666666666,0.14677777777777778,0.2894277777777778,0.06094333333333333,-0.0018416666666666685,0.08510000000000001,-0.142949,0.018625793650793657
2020-01-28,0.04588500000000001,0.06165017857142858,0.24658333333333335,0.1616607142857143,0.18641166666666664,-0.004798958333333332,0.18511,0.12631666666666666,0.03431730769230769,0.019550000000000005
2020-01-29,0.38888625,0.0181757619047619,0.013120833333333335,0.19043125000000002,0.163134,-0.0025183333333333316,0.13135,0.16463333333333333,0.15111289682539683,0.16526875000000002
2020-01-30,-0.021331249999999996,0.05209485714285715,0.1346214285714286,0.03456111111111111,0.20607727272727272,0.16760416666666667,-0.06157948717948719,0.11583999999999998,-0.04544895833333333,0.19703833333333332
2020-01-31,-0.22540681818181818,0.0380381313131313,0.06293095238095239,0.0694142857142857,0.25200083333333334,0.07880100000000001,0.040752916666666666,0.24126666666666666,0.2015375,0.14127499999999998
2020-02-03,0.1309225,0.17345558441558442,0.04177730769230768,0.0962375,0.128103356374808,0.11607266666666667,0.21810416666666665,0.085,0.09122777777777778,0.27628125000000003
2020-02-04,0.12110150000000001,0.18635742424242424,0.08754333333333333,0.3453875,0.22497321428571426,0.19714791666666667,0.05505,0.06497916666666667,0.08148133333333334,0.1489375
2020-02-05,-0.008172916666666662,-0.0003164351851851904,0.5337961904761904,-0.2414666666666667,0.17549790476190474,0.08539833333333333,0.08045,0.0,0.13316093750000002,0.03190333333333333
2020-02-06,0.10772571428571429,0.16827083333333331,0.2822308333333333,0.2713986666666667,0.28266161538461543,0.04733333333333334,0.06415138888888888,0.308725,0.2838333333333333,0.18895
2020-02-07,0.04096999999999999,0.2366046875,0.22275299999999998,0.06998333333333333,0.2935066666666667,0.04198,0.010883333333333333,0.0,0.1875942857142857,0.19033125
2020-02-10,0.11424999999999999,-0.007144761904761904,0.05099333333333335,0.2404611111111111,0.044004166666666664,0.12065520833333333,0.23231333333333332,0.12575833333333333,0.21173083333333334,0.16223958333333333
2020-02-11,-0.009740882352941162,0.04885116666666666,0.09527314285714285,0.3256089285714286,-0.014822222222222209,-0.008904166666666657,0.110968,0.07745555555555557,0.1095748051948052,0.19722142857142855
2020-02-12,0.15048166666666668,0.05834264705882353,0.03376749999999999,0.18191666666666667,0.23933437499999996,0.07436000000000001,0.074,0.29909166666666664,0.0627875,0.3726708333333333
2020-02-13,0.12529357142857142,-0.008584598039215702,0.121615625,0.08528,0.23865666666666668,0.055625,0.045804761904761904,0.138515,-0.01943181818181818,0.24377083333333333
2020-02-14,0.6249,-0.05277816666666666,0.113125,0.2034,0.3236875,0.19194499999999998,-0.029091666666666665,0.23335,0.08176814516129033,0.186991875
2020-02-18,0.04021809523809524,0.19142154761904764,0.14617833333333333,-0.025712857142857138,0.12702726715686274,0.006366666666666666,0.12210222222222222,0.20887916666666667,-0.04565380952380953,0.2947326388888889
2020-02-19,0.18420416666666664,0.1732962857142857,0.24769583333333334,0.045191666666666665,0.24066722222222223,0.22269166666666668,0.024666666666666667,0.12436,0.017632539682539684,0.17388181818181817
2020-02-20,0.06464166666666667,0.07936442857142859,0.285525,0.2404548611111111,0.11158999999999998,0.08025833333333333,0.10913333333333335,0.11929041666666668,0.011429190476190475,0.1431073846153846
2020-02-21,0.010161111111111102,0.08548472222222223,0.06433833333333333,0.2618275,0.07995625,0.11362999999999998,0.16632222222222223,0.024737500000000003,-0.2589611428571429,0.4382
2020-02-24,0.04713888888888889,0.02267714285714286,-0.14663821428571427,-0.001976666666666663,0.1128396638655462,0.07081833333333334,0.1099625,0.08034166666666666,0.015913484848484843,0.056410666666666665
2020-02-25,0.20084444444444446,0.16376858974358974,-0.033855,0.2765133333333333,0.22576555555555555,-0.007283333333333336,0.047772222222222216,0.038900000000000004,0.05049166666666667,0.26210416666666664
2020-02-26,0.1513625,0.0948852380952381,0.2228217142857143,0.16362933333333335,0.041067156862745105,0.0744388888888889,0.14393333333333336,-0.0052499999999999995,0.2120025,0.3505333333333333
2020-02-27,0.164925,0.05771422222222222,0.08199533333333334,0.07106000000000001,0.07656559999999998,0.18140416666666664,0.0549375,0.12302458333333333,-0.13006933333333331,0.33591166666666666
2020-02-28,-0.09630999999999999,-0.08126023809523808,0.09352027777777779,-0.005982291666666679,0.068488,0.12230625,0.07704722222222223,-0.010776666666666674,0.2582666666666667,-0.138825
2020-03-02,0.1407,0.08333470085470086,0.05279583333333335,0.21390833333333334,0.19369026785714286,0.128425,0.06809166666666666,0.2262822222222222,0.06786600000000001,0.35352666666666666
2020-03-03,0.050289999999999994,0.1834477777777778,0.03631333333333334,-0.056889999999999996,0.37418615384615384,0.18,0.43895666666666666,0.1492416666666667,0.00903066666666667,0.0071874999999999994
2020-03-04,0.12637083333333332,0.15954666666666667,0.22001666666666667,0.10631766666666667,0.415491,0.14765590476190477,0.29361666666666664,0.45430833333333337,0.45858190476190475,0.5916566666666667
2020-03-05,0.181035,0.06446794805194804,0.06638250000000001,0.078685,0.12682660256410255,0.07725083333333332,0.17756666666666665,0.3723666666666667,0.16232433333333335,0.09324166666666667
2020-03-06,0.1845625,-0.028613118131868127,-0.00855238095238095,0.000766250000000003,0.11019090909090908,0.09639166666666665,-0.018600000000000005,0.050575,0.04415753846153846,0.1729125
2020-03-09,-0.013662499999999998,0.06317782051282053,-0.09773692886061307,0.21184755555555554,0.12356747368421053,-0.098977,0.06842916666666665,0.1244375,-0.13399333333333333,-0.21495416666666667
2020-03-10,-0.044323999999999995,-0.01128626262626262,0.004082908212560384,0.1271044444444444,0.23237708333333332,-0.056442000000000006,0.07413541666666666,0.09866666666666667,0.272895,0.27871250000000003
2020-03-11,0.027750000000000004,-0.07447107142857143,0.0321910119047619,0.18409,0.24613083333333333,0.19348095238095242,0.1188277777777778,0.30446,0.08966833333333332,0.04209166666666667
2020-03-12,-0.00692,0.04935908888888889,0.05624184210526315,-0.008378095238095244,-0.116754,-0.17304999999999998,-0.08786000000000001,0.024137499999999992,-0.03644,-0.01357425595238096
2020-03-13,0.15196666666666667,0.08511944444444443,0.2087266106442577,-0.09569666666666668,0.004574999999999989,0.09337999999999999,0.1404111111111111,0.148,0.009217440476190475,0.2613625
2020-03-16,-0.005830833333333327,-0.1357312572463768,0.04206652941176471,-0.05933083333333333,0.028311666666666662,0.06594142857142857,-0.004050000000000019,0.060215624999999995,-0.11169939393939395,0.26162547619047616
2020-03-17,0.08785749999999999,0.051671619047619056,-0.0059755,-0.09414,0.31710000000000005,0.0031611111111111076,0.17584722222222224,0.1837,0.17099083333333334,0.23060833333333336
2020-03-18,-0.03310499999999999,0.02264702741702742,0.01039126984126984,0.033416666666666664,0.11380208333333335,0.016839047619047615,-0.039566666666666674,0.0,-0.10072952380952382,0.31138750000000004
2020-03-19,0.03651833333333333,0.021880500000000004,-0.058945,-0.2932416666666667,0.1559375,0.015699999999999995,0.14099333333333333,0.21692222222222224,-0.10737666666666665,0.23957777777777778
2020-03-20,0.023291666666666665,0.052030396103896114,-0.1359726153846154,-0.037213333333333334,0.05398814102564102,0.13310619047619046,0.10615000000000001,0.082725,0.19086,0.11968958333333332
2020-03-23,0.16331284415584416,0.05343116275880981,-0.13521555555555556,-0.02157,0.055805411255411254,0.013728333333333325,0.17433285714285712,0.05378749999999999,0.18370166666666665,0.010324642857142845
2020-03-24,0.2628909523809524,0.2119825274725275,0.11943533333333334,0.40108,0.27379619047619047,0.24097266666666667,0.31854,0.06564375,0.44795770833333337,0.38545
2020-03-25,0.17759866666666665,0.17013257142857144,0.21201111111111112,0.055025000000000004,0.18096380952380953,0.07593125,0.123475,0.13375,0.0363425,0.3668125
2020-03-26,0.13074833333333333,0.09119380952380952,0.190642,0.21854800000000002,0.30002242424242426,0.21736666666666668,0.12073833333333332,0.42694166666666666,0.3002584444444444,0.12445000000000002
2020-03-27,0.21299555555555558,0.050533205128205125,0.3189475714285714,0.15099666666666667,0.2887766666666667,0.22001666666666667,0.32342499999999996,0.5443833333333333,0.3283,0.4932744444444444
2020-03-30,0.28659250000000003,0.08064422807017543,0.12272133333333332,-0.18326533333333334,0.17644057142857142,0.01895561904761905,0.03359833333333334,0.33160625,0.07616666666666666,0.16967232142857144
2020-03-31,0.20055555555555557,-0.023837333333333356,0.007200833333333334,0.030061111111111108,0.01624345238095239,0.04034666666666666,0.27293500000000004,-0.17301875,0.016833333333333332,-0.17404375
2020-04-01,0.07680833333333334,0.21045544444444442,-0.06253047619047618,0.09647085714285714,0.05775833333333334,0.148935,0.05939333333333333,-0.04467777777777774,0.42428999999999994,-0.05755833333333332
2020-04-02,-0.09556,0.05230178571428572,-0.04505258974358974,0.06220033333333334,0.11523071428571427,-0.015741111111111112,0.08361111111111112,0.03775,0.17213125,0.07491666666666667
2020-04-03,0.2131947619047619,0.09604739583333334,-0.028649285714285704,0.09386214285714285,0.24129722222222225,-0.2096722619047619,0.08589999999999999,0.20847500000000002,-0.16245833333333337,0.27299999999999996
2020-04-06,0.3880041666666667,0.2181181991341991,0.14402992063492065,0.17623856902356902,0.3462597701149425,0.11236266666666668,0.09356,0.18343333333333334,0.31988621212121215,0.4456645833333333
2020-04-07,0.21673295454545455,0.23398698989898986,0.35829,0.14498366666666668,0.05915824561403508,0.31444700000000003,0.5064,0.09467916666666668,0.19408399999999998,0.23341583333333332
2020-04-08,0.046854999999999994,-0.07219659210526316,0.30269080952380956,0.09422012987012987,0.13519444444444445,0.15344047619047618,0.22547666666666666,0.556075,0.23468,0.13875
2020-04-09,-0.02296333333333333,0.1902879761904762,0.1310592380952381,0.16522466666666666,-0.002047916666666663,0.0722792857142857,0.14273825396825396,0.3513125,0.15364,0.48927499999999996
2020-04-13,0.0727875,-0.003446102564102564,0.12304361172161171,0.07890124242424243,0.008834000000000019,-0.004479494949494947,0.15710738095238094,-0.07245624999999999,0.22226666666666667,-0.002799702380952382
2020-04-14,0.2622480952380952,0.2220395,-0.022390625,0.0820716083916084,0.2494309523809524,0.2206103888888889,0.011322222222222225,0.5639111111111111,0.553517619047619,0.22797999999999996
2020-04-15,0.1547541666666667,0.10636851515151516,0.0698478205128205,0.09951076923076924,-0.062183095238095246,0.04093666666666668,-0.06583214285714285,-0.164575,0.123804,0.05419625
2020-04-16,0.28593041666666663,0.14471721014492753,-0.013778175324675318,0.05570566666666667,0.31637611528822057,0.20587321212121212,0.10325500000000001,-0.0683,0.3065635555555556,0.26175
2020-04-17,0.07999916666666666,0.22058400000000003,-0.11141896296296294,0.07366686363636363,0.30058624321880656,0.06346010101010101,0.4074,0.44585,0.08629407142857144,0.3832455357142857
2020-04-20,0.08840624999999999,0.07044692063492064,-0.21317169220151827,0.20693761904761904,-0.03391651063829787,0.05452166666666667,0.18972095238095238,0.02965,0.25273416666666665,0.02728733333333333
2020-04-21,0.13666333333333333,0.019469153153153156,-0.25030619047619046,-0.0939666666666667,-0.017922476190476176,-0.03585700000000001,-0.1038888888888889,0.03182499999999999,-0.31878,-0.07370000000000002
2020-04-22,0.21458761904761905,0.09586861437908498,-0.055793,0.13820500000000002,0.24596799145299145,0.043991666666666665,0.17389375,0.21082499999999998,0.31488952380952384,0.026452573529411768
2020-04-23,0.13614652777777778,0.08153781818181818,0.17330368181818184,0.17014,0.15056041666666667,0.28422000000000003,0.14747485714285716,0.2083,0.27447190476190475,0.1761375
2020-04-24,0.01891136363636364,0.006621333333333335,0.029020089285714284,-0.20256041666666666,0.026777321428571435,0.06405441176470587,-0.06943333333333333,0.05164375,0.06208790322580644,-0.004883333333333332
2020-04-27,0.08147666666666667,0.10568688888888889,-0.016262916666666665,0.0976667857142857,0.009602476190476206,0.12751043434343434,0.2466066666666667,0.05312333333333334,0.1683915064935065,0.2819451388888889
2020-04-28,0.1852382828282828,0.10246407342657343,0.03159722222222223,0.24410499999999996,0.17017343076923078,0.0719331403508772,0.109286,0.09364,0.11949880952380951,0.2794166666666667
2020-04-29,0.10499735449735449,0.11066411721611721,0.1454296984126984,0.11755166666666668,0.06398729885057472,0.11569642328042326,0.3075454545454545,0.07939015151515152,0.19349057142857146,0.09706666666666668
2020-04-30,0.027347916666666677,0.004515166666666665,0.02865497258297258,0.06484704761904762,0.1958943076923077,-0.0456925641025641,0.12327000000000002,0.10625,0.093819,0.142345
2020-05-01,-0.025940416666666664,0.22104850000000004,-0.14240701587301588,-0.06242500000000001,0.08401377358490567,-0.0780435,0.19944444444444445,0.177845,-0.12183566666666668,0.12584062499999998
2020-05-04,0.12881185185185184,0.14094931868131869,-0.006829685314685313,0.127824,0.057622820512820506,0.07334190476190475,0.006616666666666668,0.0962375,0.32366882352941173,0.16694
2020-05-05,0.12634428571428571,0.2313745238095238,0.1295161616161616,0.014019333333333328,0.20622039215686275,0.2987688888888889,0.20270470588235295,0.12011666666666666,0.2351875,0.11256636363636364
2020-05-06,-0.059840416666666674,0.08956000000000001,0.20437017857142858,0.04762500000000001,0.16331444444444443,0.07561499999999999,-0.020118214285714295,-0.03181666666666667,0.16321416666666666,0.17200916666666666
2020-05-07,0.13403916666666668,0.09248166666666666,0.22465285714285713,-0.08191133333333334,0.13613055555555556,0.04405833333333334,0.1927066666666667,0.32705666666666666,0.27498199999999995,0.14364333333333335
2020-05-08,0.25906,0.07429396103896105,0.212155,0.05202266666666665,-0.024708472222222222,0.03529687500000002,0.15074444444444446,0.18711666666666668,0.5690314285714286,0.10396272727272728
2020-05-11,0.12894285714285716,0.061805958333333334,-0.055142333333333335,0.161149,0.07664806763285024,0.2866916666666667,0.07112750000000001,0.013816666666666663,0.12826677777777779,0.23801458333333333
2020-05-12,0.08729699999999999,0.10267425,0.15184466666666666,-0.16973828571428573,-0.05321873015873014,0.030972727272727277,0.09328777777777779,-0.3745875,-0.04530033333333333,0.18359124999999998
2020-05-13,0.02526666666666666,0.08190066666666666,-0.0603090909090909,0.15553835064935065,0.1069891825951826,-0.014259999999999998,0.14808866666666667,0.27305,0.20060277777777777,0.37966666666666665
2020-05-14,0.1712533333333333,0.10557193137254901,-0.05423,0.09045,0.12298833333333332,0.05522152777777778,0.160115,0.15836666666666668,0.1520288095238095,0.182925
2020-05-15,0.16727666666666668,0.06705451851851853,0.1758016666666667,0.16853214285714285,-0.013917727272727276,-0.03243066666666667,0.24078472222222225,-0.036449999999999996,0.04577015538847118,0.1668552380952381
2020-05-18,0.15245266666666668,0.20182033333333335,0.14417522222222223,0.05768522222222222,0.13545866666666667,0.3855335454545455,0.1012875,0.5519083333333333,0.07923952380952382,0.32581666666666664
2020-05-19,0.18822483333333334,-0.04450492307692309,0.15552,0.05999728571428572,0.23922566666666664,-0.12721249999999998,0.04156111111111111,0.10809999999999999,0.13075416666666667,0.2732
2020-05-20,0.02665016666666667,-0.0238928781512605,-0.022844285714285713,0.3850555555555556,0.035365995115995134,0.1491583333333333,0.21408888888888888,0.06369,0.2253416666666667,0.04406666666666666
2020-05-21,0.10847199999999999,0.025803636363636362,-0.04973999999999999,0.08162500000000002,0.10879533333333333,0.02405,0.15098333333333333,0.0,0.06788055555555556,0.3321525
2020-05-22,0.017680000000000008,0.006037777777777771,-0.04422533333333334,0.19921666666666668,0.15835166666666667,0.11331666666666666,0.0683,0.24440833333333334,-0.15305300000000002,0.10415
2020-05-26,0.145908,0.20448395238095238,0.10696114285714284,0.1617402380952381,0.041037523809523815,0.3151,0.20554166666666665,0.1148,0.09751245238095238,0.32959999999999995
2020-05-27,0.21690333333333336,0.157255,-0.07011,0.2910402142857143,0.008749444444444456,0.35562571428571427,0.0,0.0,0.15682333333333334,0.2149875
2020-05-28,0.09534436363636364,0.0691675,0.13443,0.006839499999999998,-0.07223833333333333,0.14340868253968256,0.15875,0.20835,0.10204952380952381,0.12490000000000001
2020-05-29,0.12601250000000003,0.08072742857142859,0.205422,0.041302000000000005,0.1979048611111111,0.18829166666666666,0.009000000000000003,0.020066666666666667,0.16978375,0.21371666666666667
2020-06-01,0.15972342857142857,0.11181087081339713,-0.10665511363636364,0.173653,0.15230694444444445,0.12136166666666666,0.09106666666666667,-0.015808333333333337,0.14087666666666665,0.06806666666666666
2020-06-02,0.28929444444444447,-0.09989666666666666,0.16919285714285714,0.09204911111111111,0.021175151515151515,0.38695666666666667,0.27470625,0.14946666666666666,0.24390399999999998,0.21880833333333335
2020-06-03,-0.07269666666666666,0.1979542857142857,0.52865,0.21692142857142857,0.25402650793650794,0.31391913043478265,0.157975,0.0872,0.42201,0.0
2020-06-04,0.160185,0.2041875,0.07747600000000002,0.17377166666666666,0.11087984126984127,0.10123273809523808,-0.032,0.148,0.15314166666666668,-0.060719999999999996
2020-06-05,0.1562283333333333,0.24833111111111109,0.25553666666666663,0.38479166666666664,0.16145833333333334,0.36457428571428574,0.35335625000000004,0.0,0.21605925925925926,0.1113875
2020-06-08,-0.1130925,0.16258666666666666,0.1312572380952381,0.2557857142857142,0.06408447368421052,0.12046549019607841,0.2044,0.2611,0.09585333333333333,0.7906
2020-06-09,0.0,0.03442730158730159,0.4436306666666666,0.18549857142857143,0.0015680555555555493,0.14902826923076923,0.42775,0.0129,0.30290809523809525,0.34070833333333334
2020-06-10,0.011962500000000015,0.03172285454545455,-0.15578888888888887,0.1787779761904762,0.09832222222222223,0.06844333333333334,0.42775,0.024575,0.01658125,0.0
2020-06-11,0.006903809523809526,0.04400649350649351,-0.098045,0.09611755555555554,0.21064,0.09114809523809524,0.2338,0.24584999999999999,0.21306458333333333,0.3182
2020-06-12,0.11055555555555556,0.16441361904761903,0.027370000000000016,0.06428333333333335,0.0239975,-0.07107749999999999,0.010883333333333337,0.296,0.10682083333333334,0.2732
2020-06-15,-0.007583333333333345,0.00854649350649351,0.06949185185185186,0.11921875,0.17032571428571427,0.06475821428571428,0.2732,0.20095,0.18420833333333334,0.54005
2020-06-16,0.09459666666666666,0.21815,0.101546875,0.10154166666666667,0.09755833333333332,0.20627250000000003,0.0,0.263075,0.2732,0.41805000000000003
2020-06-17,0.106065,0.16346083333333333,-0.0005199999999999996,-0.02946,-0.1274625,0.0,-0.6124,-0.02070000000000001,0.053137500000000004,0.0
2020-06-18,0.011561249999999999,0.06908252380952382,0.07419999999999999,-0.09981999999999999,0.3351,-0.06196833333333333,0.0,0.34626666666666667,0.28815,0.4316
2020-06-19,0.15536666666666665,0.017997111111111113,0.315981746031746,-0.103975,0.26097916666666665,0.1101,-0.11315,0.34626666666666667,-0.2394666666666667,0.32135
2020-06-22,0.1759875,0.05458866666666666,0.22134166666666666,-0.064625,0.3400083333333333,0.13343888888888888,0.10485,0.34626666666666667,0.1924352380952381,0.041294444444444446
2020-06-23,0.20253055555555555,0.22428866666666666,0.1816625,0.16277916666666667,0.003990625000000001,0.20486,0.07646666666666667,0.0,0.07456666666666667,0.0683
2020-06-24,0.17123535353535355,-0.016023,-0.004023571428571415,0.08500333333333336,0.01970833333333333,-0.034453333333333336,0.0,-0.1806,-0.32334583333333333,-0.1027
2020-06-25,0.11716444444444445,0.08198186666666667,0.16414333333333334,-0.01028685714285715,0.15567083333333334,-0.07478088235294118,0.4019,-0.1806,-0.42828333333333335,0.0
2020-06-26,0.36275,0.18005823529411763,0.08318888888888888,0.011175595238095248,-0.061418333333333325,0.016998148148148148,0.34,0.0191,-0.054025,0.11333333333333334
2020-06-29,0.020961025641025643,0.06143876923076923,0.08632500000000001,0.17554166666666668,0.167875,0.22736607142857143,0.11315,0.0,0.19183333333333333,0.0
2020-06-30,0.1538904761904762,0.07246,0.12735583333333333,0.038920714285714295,0.21305,0.176935,0.06743333333333333,0.3609,0.39919,0.17
2020-07-01,-0.103175,-0.08739949350649351,0.05932916666666667,-0.31714166666666666,0.3239736111111111,0.26006111111111113,0.10115,0.0,0.18099999999999997,0.176
2020-07-02,-0.014825,0.16442800000000002,0.17789575757575757,0.07885,0.16365833333333332,0.035984375,0.0,-0.064,0.295125,0.8074
2020-07-06,0.04434400000000001,0.049885095238095235,0.1400095238095238,0.0526925,0.10193457142857143,0.008782727272727272,-0.11442500000000001,-0.1591,0.07276915584415584,0.23985845410628018
2020-07-07,0.08076000000000001,0.16846045454545455,0.043539285714285704,0.06819999999999998,0.12016666666666667,-0.009207142857142858,0.0,0.48385,0.35015,-0.1796
2020-07-08,-0.1285125,0.16985666666666668,0.5859,0.25695,0.18671488095238095,0.134395,0.5719,-0.5994,0.030240000000000003,-0.09633611111111111
2020-07-09,0.21056249999999999,0.08616750000000001,0.24053750000000002,0.03897708333333333,0.044638888888888895,0.0007888888888889131,0.0,0.0,0.1812904761904762,0.17556666666666665
2020-07-10,0.0,0.007357142857142847,0.29834666666666665,0.18919111111111112,0.24266272727272725,-0.10286190476190477,0.0,0.0772,0.05097777777777778,0.36819999999999997
2020-07-13,0.09652222222222222,0.159904,0.44849999999999995,0.10245933333333332,0.05238,0.16805,0.0,0.0,0.32982500000000003,0.020249999999999997
2020-07-14,0.04039642857142857,0.09338785714285713,-0.0258,0.009050902777777774,0.22698999999999997,0.118161,0.0,0.0,0.10832,0.2732
2020-07-15,0.07219166666666665,0.12762828571428572,-0.13835833333333333,0.3260551304347826,0.399875,0.22048,0.0,0.014283333333333334,0.135525,0.529
2020-07-16,0.20155,0.19690198412698412,0.10862500000000001,-0.02383080808080808,0.249025,0.0036750000000000003,0.0172,0.014283333333333334,0.012423333333333342,0.142975
2020-07-17,-0.2331,0.12241222222222223,0.047325,-0.023810476190476187,-0.08089166666666667,0.1124625,0.0,0.014283333333333334,-0.022140000000000003,0.3197
2020-07-20,0.06828333333333332,0.06023041125541125,0.04672277777777778,0.08458095238095238,0.25975833333333337,0.2682090909090909,0.0,0.0,0.1277673076923077,0.0131
2020-07-21,0.17599666666666666,0.21976447204968946,0.2740656166056166,0.16736190476190477,0.2214125,-0.06915714285714286,0.0,0.164,0.23766,0.1495
2020-07-22,0.09405,0.10935600000000001,0.13559833333333332,0.04747291666666666,0.6359833333333333,-0.0744462962962963,0.31245,0.16094999999999998,0.2235722222222222,0.1495
2020-07-23,-0.19957499999999997,0.07354352564102565,0.027800000000000005,0.010518333333333334,-0.06659999999999998,0.2657075,0.024097500000000004,0.148,0.264162962962963,0.15332500000000002
2020-07-24,0.138515625,0.002929166666666666,0.31859423076923077,0.020980000000000002,0.164015,0.23272187500000002,0.21611666666666665,0.0,0.21355674603174604,0.28433888888888886
2020-07-27,0.1796,0.11259861111111111,0.03866,0.16995208333333334,-0.004582142857142856,0.17566666666666667,0.024695,0.26125,0.21684464285714286,-0.013293749999999993
2020-07-28,0.218505,0.1289637142857143,0.2023,0.07615,0.06529166666666668,0.11734927631578948,0.3119125,0.26125,0.08790357142857143,0.2202
2020-07-29,0.0686375,0.07687972222222221,0.3002125,0.08430476190476191,0.125168,0.053842708333333336,0.06363333333333333,0.10452999999999998,0.2432943922924901,0.17923333333333333
2020-07-30,0.11450833333333332,0.13336133333333333,0.055813999999999996,0.30046666666666666,-0.016878125,0.06449504273504274,0.07686499999999999,-0.061825000000000005,0.025687247474747474,0.16424999999999998
2020-07-31,0.20481666666666665,0.03838314285714286,-0.012585714285714283,-0.00844166666666668,0.1449982905982906,-0.017073333333333336,0.6808,0.29295,0.26335,0.173875
2020-08-03,0.239216,0.050337607843137254,0.10191750000000002,0.13219666666666668,0.05058619047619047,-0.10126527272727273,0.63375,0.36024999999999996,0.15939222222222224,0.3444666666666667
2020-08-04,0.09409692307692308,0.21400343434343433,-0.06914999999999999,0.028711666666666656,0.0016916666666666677,0.06827407407407408,0.148,-0.2997,0.16305606060606062,0.3929666666666667
2020-08-05,0.3156458333333333,0.03284705882352941,0.15151111111111112,0.132305,-0.023299999999999987,0.128215,-0.017116666666666665,0.18869999999999998,0.08502410714285716,-0.03423333333333333
2020-08-06,0.2601650793650794,0.082456,0.24158333333333334,0.0031250000000000062,0.273615,0.30506666666666665,0.34626666666666667,0.0,0.2516416666666667,0.067925
2020-08-07,0.0760128205128205,0.14675666666666665,0.04856888888888889,0.05669166666666667,0.2503357142857143,0.0277125,0.34626666666666667,0.33947499999999997,0.31845,0.0
2020-08-10,0.27088333333333336,0.09646138528138529,0.18716088888888888,0.26968333333333333,0.16973888888888888,0.15898333333333334,0.33134444444444444,0.0,0.15958333333333333,0.07137222222222223
2020-08-11,0.12454444444444446,0.06464187500000002,0.2246669642857143,0.13545000000000001,0.11333333333333334,0.03422037037037037,0.0,0.4019,0.24845166666666665,0.3568
2020-08-12,0.13904999999999998,0.00948645833333333,0.16271333333333332,0.035188888888888895,0.06743333333333333,0.03298125,0.0,0.0,-0.07413869047619048,0.11907999999999999
2020-08-13,0.074,0.053421666666666645,0.1366,-0.09380333333333332,-0.13394,-0.11723333333333334,0.0,0.0,0.07164761904761903,0.0
2020-08-14,-0.07955,0.058534375,0.29510833333333336,0.06250833333333333,0.0,-0.02239500000000001,0.15293333333333334,0.12726666666666667,0.27919583333333337,0.6369
2020-08-17,0.19882666666666665,0.19862851851851854,-0.060950000000000004,0.12900666666666666,0.28033,0.15366666666666665,0.38892499999999997,0.31845,-0.0011175000000000074,0.473775
2020-08-18,0.12096666666666667,0.10520848214285713,0.014091666666666662,0.08570208333333333,-0.14966666666666667,0.39325,0.09866666666666667,0.5594,0.04107083333333334,0.4576
2020-08-19,0.0,0.1582748484848485,0.08835555555555556,0.09297,0.18545,0.15887,0.0,0.0,0.09380833333333333,0.4576
2020-08-20,0.1211,0.19415900000000003,0.05986999999999999,0.1723692857142857,0.044259999999999994,0.149125,0.0,0.0,-0.1585777777777778,0.18508
2020-08-21,0.05934444444444444,0.25618633333333335,0.11383333333333334,0.19959166666666667,0.192025,-0.034292,-0.128,0.08436666666666666,0.06362333333333334,0.32785
2020-08-24,-0.03465000000000001,0.08934714285714286,0.12764518518518517,0.3587066666666667,0.2267125,0.32083125,0.06743333333333333,-0.025675,0.01808611111111111,-0.03001666666666669
2020-08-25,0.041666666666666664,0.15059583333333335,0.023723333333333332,0.23946666666666663,-0.07336481481481481,0.1547,-0.1779,0.125,0.05148625,0.1806
2020-08-26,0.12346499999999999,0.08245238095238096,0.19125238095238095,0.1111875,0.117564,-0.06441875,0.296,0.15293333333333334,0.19471111111111108,0.35112999999999994
2020-08-27,0.10115,-0.013963157894736839,0.02362514285714285,-0.06466666666666666,0.2233406666666667,0.07861166666666666,0.0,0.32425,0.09855208333333333,0.2294
2020-08-28,0.24228333333333332,0.06427179487179487,0.003908333333333333,-0.11062500000000001,0.0012506666666666708,0.08625333333333333,-0.03771666666666667,0.0,0.49533333333333335,0.2294
2020-08-31,0.1672111111111111,0.028617647058823525,-0.0074104761904761896,0.08676999999999999,0.24355555555555558,0.319384,0.0,0.6044,0.12472738095238096,0.03904333333333333
2020-09-01,0.14038333333333333,0.1161654761904762,0.2564,0.13754666666666665,0.07344404761904763,0.07876666666666667,0.0,0.018950000000000005,0.019481250000000006,0.0
2020-09-02,0.2509888888888889,0.2,-0.0921,0.12542444444444442,-0.19939374999999998,0.28576666666666667,0.0,0.0,0.21376825396825394,0.5934666666666667
2020-09-03,0.09808095238095238,0.21716607142857142,0.17512666666666665,0.13491666666666666,0.0424,0.10002916666666667,0.05735,0.5423,0.193825,0.49135
2020-09-04,0.2715916666666667,0.052898,0.03389375,-0.093388,0.007103571428571445,0.0,0.04933333333333333,0.15568888888888888,0.2698875,0.2023
2020-09-08,0.17447000000000001,0.12015490909090909,-0.11940685714285715,0.081315,0.047805,-0.03175,0.125,0.13975,0.15348125,-0.1408457142857143
2020-09-09,0.19863333333333333,0.1361318181818182,0.2294,-0.14839166666666667,0.22290833333333335,0.1630088888888889,0.125,-0.6249,0.09683125000000001,0.743
2020-09-10,0.03242500000000001,0.213934375,0.1366,-0.003908333333333333,0.6369,0.026699999999999998,0.16455,-0.6249,0.15872222222222224,0.0
2020-09-11,-0.007366666666666667,0.12886458333333334,0.11800000000000001,-0.0999,-0.05620666666666667,0.03738666666666667,-0.2732,0.0,0.29707777777777783,0.4588
2020-09-14,0.03878611111111112,0.07273057142857144,-0.06573392857142857,-0.0279625,0.12028834782608695,0.06623333333333332,-0.0550625,0.31845,0.10708125,0.11473749999999999
2020-09-15,0.047488888888888886,0.1706672619047619,-0.2610166666666667,0.31862500000000005,0.21452,0.09059,-0.0550625,0.08231666666666666,-0.11313833333333331,0.03600833333333333
2020-09-16,0.08045,0.14793611111111113,0.21358749999999999,-0.042550000000000004,0.0,0.3408,0.0,0.0,0.4053999999999999,0.1192125
2020-09-17,0.2514111111111111,0.27589541666666667,0.23710833333333334,0.07329,0.11237166666666668,0.15977113636363635,0.16239166666666666,-0.3062,0.3163492063492064,0.1192125
2020-09-18,0.03440625,0.002136298701298711,0.126675,0.260225,-0.048317499999999985,0.25960833333333333,0.16239166666666666,0.2202,0.0,0.0
2020-09-21,0.098096875,0.16784833333333332,-0.08015555555555558,-0.0514775,-0.1848575,0.02266416666666668,0.14718333333333333,0.0,0.10605555555555556,0.5574
2020-09-22,0.30411666666666665,0.16902405982905983,0.5719666666666666,0.22881250000000003,0.45271249999999996,0.13790333333333332,0.14718333333333333,0.0,0.10902222222222223,0.4404
2020-09-23,0.187175,0.13090583333333333,0.09602500000000003,0.168595,0.1152,0.3113333333333333,0.0,0.0,-0.2294,0.0
2020-09-24,0.19109500000000001,0.0919327380952381,0.24674583333333333,0.178278125,-0.17168333333333333,0.07370555555555554,0.6369,0.0,0.15489375,0.0
2020-09-25,-0.145725,0.053204166666666663,0.0411875,0.13396666666666665,0.27418333333333333,0.2749069444444444,0.0,0.0,-0.038233333333333334,0.0
2020-09-28,0.192781875,0.06900727272727272,0.21355,0.23092666666666667,0.07077750000000002,0.1419218137254902,-0.024949999999999996,0.10115,0.24196041666666665,0.11973333333333334
2020-09-29,0.0593,0.21098349206349204,0.25221,-0.0678,0.264775,0.15375999999999998,-0.024949999999999996,0.0,0.3205166666666666,0.1366
2020-09-30,0.138125,0.22516666666666665,0.013961111111111113,0.06112714285714287,0.29938125,0.21733166666666665,0.0,0.3818,0.08481666666666668,0.39524000000000004
2020-10-01,-0.01597222222222222,0.09567333333333333,0.06353333333333333,0.09317500000000001,0.15930958333333334,0.3683609375,0.0,0.3818,0.0,0.4404
2020-10-02,-0.16215,0.07857738095238095,0.268746130952381,0.22500370370370368,-0.10145000000000001,0.057825,0.0,0.3818,0.16598666666666667,0.5106
2020-10-05,0.12981250000000003,0.1320305238095238,0.15563104166666666,0.2074106666666667,0.11048777777777778,0.15010619047619045,0.14465,0.28595,0.1720866666666667,0.6166375
2020-10-06,0.09443750000000001,0.17313444444444442,-0.015250000000000001,0.25777083333333334,0.09261666666666667,-0.04993333333333333,0.14465,0.4404,-0.06944444444444443,0.34676666666666667
2020-10-07,0.3819,0.07307357142857143,0.05786000000000001,0.16040666666666667,0.21703095238095238,0.04018888888888887,0.0,0.4404,0.3248125,0.4035166666666667
2020-10-08,-0.13269666666666666,0.10740821428571427,0.30557460317460317,0.17011302083333332,0.01854791666666667,0.16759999999999997,0.0,0.4404,0.13666984126984127,0.0
2020-10-09,0.17439732142857142,0.04635571428571428,0.30557460317460317,0.26195,-0.15622666666666665,0.24649666666666667,0.0,0.4404,0.23778166666666667,0.2023
2020-10-12,-0.03122020202020202,0.2706657948717949,0.23469687500000003,0.24705601343101344,0.060365625000000006,0.19623666666666667,0.247375,0.0,0.18307916666666668,0.4767
2020-10-13,-0.14858333333333335,-0.09716622807017544,-0.1591,0.07385166666666666,-0.09241875,0.300765,0.0,0.0,-0.05734444444444445,-0.022499999999999992
2020-10-14,0.22808200000000003,0.17800848214285717,0.045533333333333335,0.2535722826086957,0.138605,0.1843375,0.5859,0.26335,0.007166666666666666,0.2732
2020-10-15,0.36173333333333335,0.15588636363636366,0.3333625,0.18145699999999998,0.22695333333333334,0.23873333333333333,0.2997,0.26335,0.18224583333333333,0.5719
2020-10-16,0.016958333333333315,0.28934166666666666,-0.013824999999999995,0.56552,0.004876923076923075,0.1785837606837607,0.5562,0.26335,0.13092222222222225,0.5719
2020-10-19,0.3290666666666667,0.24128,0.02273496969696969,0.25458166666666665,0.15058166666666667,0.26793125,0.60605,0.0,0.026003124999999995,0.39605
2020-10-20,0.0,0.25255625000000004,0.18765555555555558,0.17138958333333332,0.27718750000000003,0.1064611111111111,0.60605,0.4399166666666667,0.1656625,0.0
2020-10-21,0.05586666666666666,0.2267122619047619,-0.034994999999999984,0.023614166666666672,0.2943733333333334,0.12891249999999999,0.17,0.148,0.17803750000000002,0.11915555555555556
2020-10-22,0.022529166666666666,0.05564844976076555,0.2000638888888889,0.13011666666666666,-0.05663499999999999,-0.06998571428571429,0.14388333333333334,-0.2997,0.216225,0.16886666666666664
2020-10-23,0.37411249999999996,0.31228,0.25895833333333335,0.45730000000000004,0.050960000000000005,0.41064999999999996,0.2294,0.0,0.14285454545454546,0.204175
2020-10-26,0.22383257142857144,0.056872888888888896,0.07073233333333333,0.005045000000000001,0.02107222222222222,0.24240777777777778,0.0,0.4025,0.05359821428571429,0.0643875
2020-10-27,0.0,0.06558499999999999,-0.014411111111111097,0.057675000000000004,0.07386857142857142,0.043789059829059826,0.05735,0.4025,0.18401135714285716,0.08895
2020-10-28,0.12582333333333331,0.08780750000000001,0.07585079365079364,0.022083333333333333,0.020483333333333333,0.18809363636363638,0.05735,0.2288,0.11178095238095237,0.0
2020-10-29,0.179532,0.1394197619047619,-0.2474375,0.13111250000000002,0.21741666666666667,-0.063477,0.13344833333333334,0.0,0.16932,0.22215
2020-10-30,0.18485,0.17318155555555556,0.06418499999999998,0.08553200000000001,0.14171477272727273,0.06707607142857142,0.13344833333333334,0.0,0.0929,0.1366
2020-11-02,0.06413833333333332,0.18379722222222222,-0.08184083333333333,0.11753749999999999,0.08140694444444445,0.15081250000000002,0.26025,0.2294,0.04823375,-0.02381666666666667
2020-11-03,-0.05808266666666666,0.20436514285714286,0.21637499999999998,-0.015912797619047618,0.12984666666666667,0.24842333333333333,0.4576,0.0,0.2675,0.28595
2020-11-04,0.11277666666666665,0.06648190476190476,0.11541749999999999,0.2083525,0.3458777777777778,0.2557833333333333,0.0,0.0,0.08232333333333333,0.016541666666666666
2020-11-05,0.02601633333333333,0.15840928571428572,0.12089333333333332,0.10857999999999998,0.06361250000000002,0.09215666666666666,0.0,0.13396666666666665,0.13122884615384617,0.41400000000000003
2020-11-06,0.09279541666666666,0.07804857142857143,0.134475,0.17475000000000002,0.135575,-0.015676190476190472,0.13053333333333333,0.124575,0.21091666666666667,0.14980000000000002
2020-11-09,0.2057085714285714,0.038922857142857134,0.18503820512820512,0.11159464285714286,0.20935333333333334,0.2323446666666667,0.13053333333333333,0.24126666666666666,-0.019691666666666663,0.15142857142857144
2020-11-10,0.02692500000000001,0.12225611111111111,0.09927300000000001,0.17024999999999998,0.23094800000000001,0.14972791666666668,-0.17,0.24126666666666666,-0.02779666666666667,0.2732
2020-11-11,-0.12181875,0.11122833333333335,0.29773333333333335,0.20396690476190477,0.0,0.039290000000000005,0.12333333333333332,0.3062,0.21576031746031746,0.14784999999999998
2020-11-12,0.08229375,0.1746387445887446,0.3987866666666667,0.21160532051282052,-0.038275,0.10045333333333333,0.05505,0.3062,0.23108333333333334,0.3165166666666667
2020-11-13,0.12807916666666666,0.23007184265010353,0.27973333333333333,0.08805416666666667,0.28600000000000003,0.09176,0.30017499999999997,0.26335,-0.011291111111111104,0.3165166666666667
2020-11-16,0.125346,0.195127,0.377496875,0.18174666666666667,0.029619000000000006,0.1549375,0.24695,0.0,0.35775833333333334,-0.11735
2020-11-17,0.14484,0.32563947368421053,0.0,-0.03925,0.07944375000000001,0.14673750000000002,0.5264,0.0,0.37950555555555554,-0.11735
2020-11-18,0.008979999999999998,0.1459777777777778,0.09908888888888889,0.18501041666666665,0.18796666666666667,-0.010108888888888886,0.5264,0.4404,0.25051875,0.2083
2020-11-19,0.35525238095238093,-0.025934166666666664,0.20095,0.26048133333333334,0.07025416666666667,0.04215714285714286,0.13753333333333334,0.0,-0.026587499999999993,0.017575
2020-11-20,-0.036235,0.09606532738095237,0.0,0.1318,0.043996875,0.09988222222222222,0.13753333333333334,0.0,0.23048888888888888,0.05303333333333333
2020-11-23,0.057544444444444454,0.17166674725274725,-0.030297321428571437,0.0399475,0.18845852380952383,0.12892571428571428,0.04046,0.0,0.08877499999999999,0.3072166666666667
2020-11-24,0.12386666666666668,0.027421875,-0.08173,0.1853,0.34857499999999997,0.05222523809523809,0.4404,0.10711666666666668,0.0,0.2023
2020-11-25,0.10638,0.19735833333333333,0.225678125,0.04393666666666668,0.0502375,0.2538066666666666,0.2679333333333333,0.10711666666666668,0.12424444444444445,0.37870000000000004
2020-11-27,0.2934333333333333,0.098776,0.14935625000000002,0.34355555555555556,-0.052155555555555566,0.1753095238095238,0.4588,0.012650000000000002,0.27925,0.5267
2020-11-30,0.10057777777777778,0.14,0.22522785714285715,0.028531250000000015,0.16828333333333334,0.13836457142857145,0.10115,0.25806666666666667,0.03912708333333333,0.1361125
2020-12-01,0.1101,0.24098333333333333,0.1919566666666667,0.5256166666666666,0.06698333333333333,0.1001125,0.3062,0.34,0.1428875,0.2732
2020-12-02,-0.24695,0.03708022222222222,0.20422416666666668,0.1470625,0.2034375,0.05568888888888888,0.15253333333333333,0.1909,0.20024375,0.2823875
2020-12-03,0.06958571428571429,0.1222375,0.021483333333333337,0.122975,0.30622499999999997,0.1376859943977591,0.0,0.33926666666666666,0.07207222222222222,0.2823875
2020-12-04,0.16751666666666667,0.12432916666666667,0.04913834054834054,-0.026450000000000008,0.1262388888888889,0.10166250000000002,0.0,0.0,0.2138375,0.22615000000000002
2020-12-07,0.0659037037037037,0.10552142857142859,0.20325555555555555,0.09456958333333332,-0.1004,0.09380416666666666,0.0,0.4767,0.10376666666666667,0.2732
2020-12-08,0.13698181818181818,0.06071333333333334,0.13708333333333333,0.047122,0.07665555555555555,-0.00707777777777778,0.15293333333333334,0.0,0.13448749999999998,0.33873333333333333
2020-12-09,0.27869062499999997,0.021899848484848484,0.0682,0.15278333333333333,-0.123475,0.02947666666666667,0.12593333333333334,0.00645,0.27175916666666666,0.57375
2020-12-10,0.19042187500000002,0.21775168253968252,0.35961,0.140775,0.07891875000000001,0.0017373333333333386,0.296,0.0,0.32372291666666664,0.1693
2020-12-11,0.06066428571428571,0.17269536842105265,-0.233304,0.09013499999999999,0.301453,-0.07586066666666669,0.0,0.0,0.13277541666666667,0.14049999999999999
2020-12-14,0.060334374999999996,0.05649766666666667,0.17200416666666668,0.11998333333333334,0.19634500000000002,0.13100372023809523,0.0,0.03818,0.09489500000000001,0.13331666666666667
2020-12-15,0.2356892857142857,0.16740190476190478,0.33522222222222225,0.26395625,0.3786777777777777,0.24858750000000002,0.0,0.1053,0.10724333333333334,0.13331666666666667
2020-12-16,0.0,0.27887399999999996,0.02231666666666668,0.3079866666666667,0.2831875,0.15357500000000002,0.2294,0.2526333333333333,0.06743333333333333,0.0
2020-12-17,0.0856625,0.32831200000000005,0.11717999999999999,0.32857416666666667,0.05570533333333333,0.26835694444444447,0.30116666666666664,0.0,0.2908928571428571,0.20631666666666668
2020-12-18,0.00801,0.29155600000000004,0.06116666666666667,0.2148,0.29175,0.13938062499999998,0.11337499999999999,0.19345,0.24072500000000002,0.2732
2020-12-21,0.09477666666666666,0.1464760173160173,0.13405733333333333,-0.008404157894736858,0.27162,0.22704149999999998,0.1916625,0.03415,0.12598285714285715,0.364275
2020-12-22,-0.007149999999999994,0.08159133333333332,-0.018831999999999995,0.24913333333333335,0.05066999999999999,0.19884166666666667,0.0,0.03415,0.20185,0.148
2020-12-23,0.0677875,0.13125683333333332,0.1589,0.210475,0.08902037037037036,0.3579833333333333,0.0,0.0,0.2049,0.1366
2020-12-24,0.08195000000000001,0.24358892857142858,-0.004322222222222223,0.045033333333333335,0.35910000000000003,0.306025,0.0,0.2202,0.17547222222222222,0.1366
2020-12-28,0.30003749999999996,0.24526172727272727,0.18588500000000002,0.18106777777777777,0.18648749999999997,0.25449642857142857,0.0,-0.1027,0.24318194444444444,0.45315
2020-12-29,0.16933333333333334,0.17845777777777777,0.143175,-0.41355,0.022477777777777777,0.21405000000000002,0.23835,0.0,-0.03025499999999999,0.45315
2020-12-30,0.1531,0.444525,0.04303333333333334,0.043899999999999995,0.3021,0.072314,0.3182,0.0,0.21244375,0.0
2020-12-31,0.10063174603174603,0.3254826666666667,0.058391666666666675,0.3829883333333333,0.2181611111111111,0.13057333333333332,0.4019,0.2037,0.20435,0.4404
2021-01-04,0.029888888888888885,0.09918533333333333,0.08294791666666666,0.3034541666666667,0.1792875,0.1996263888888889,0.16378333333333334,0.0,0.21894999999999998,0.196125
2021-01-05,0.09101166666666667,0.10219666666666667,0.14611666666666667,0.23615,0.3070833333333333,0.13735925925925926,0.2044,0.0,0.07074375,0.21230000000000002
2021-01-06,0.18533619047619046,0.12081666666666666,-0.019253333333333334,0.21648645833333333,0.2324125,0.07421466666666668,0.4215,0.148,0.1737311111111111,0.21230000000000002
2021-01-07,0.21155,0.11151599999999999,0.09145555555555555,0.04944642857142857,0.006529999999999997,-0.009303333333333339,-0.1706,0.0,0.02405666666666667,0.1366
2021-01-08,0.0,0.208589,0.11677589285714286,0.17318333333333333,0.0,0.009122222222222209,0.02732,0.2732,0.07309166666666667,0.16861666666666666
2021-01-11,0.27421249999999997,0.20285380952380955,0.12099,0.019770772946859905,-0.11353285714285714,0.19519062499999998,0.1654,0.2874333333333334,0.1813517361111111,0.3454
2021-01-12,-0.056258333333333334,0.14030083333333335,0.015470833333333336,0.041046041666666665,0.19973125,0.07413333333333333,0.0,0.03813333333333333,0.11121666666666667,0.40635
2021-01-13,-0.05616249999999999,0.15214999999999998,0.1270875,0.12750208333333335,0.19265000000000002,0.28385454545454547,0.0,0.3126833333333333,0.09398990683229813,0.20827777777777778
2021-01-14,0.05734,0.06798000000000001,0.063925,-0.004367857142857132,0.1280625,0.26137777777777776,0.0,0.0,0.20546666666666666,-0.3818
2021-01-15,0.22091666666666665,0.15279666666666666,0.1952326923076923,0.29251915584415583,0.20066666666666666,0.07893,0.10206666666666668,0.2307125,0.0901225,0.4404
2021-01-19,0.05473249999999999,0.08915515151515152,0.36240416666666664,0.1480511111111111,0.10955,0.031185882352941174,-0.4253,0.0,0.07612423076923076,0.045533333333333335
2021-01-20,-0.25,-0.07692750000000001,-0.09545,0.1417288655462185,0.5762833333333334,0.154464,0.4588,0.008987499999999995,0.13685833333333333,0.165275
2021-01-21,-0.04666833333333333,-0.06347125,-0.22268500000000002,0.07905500000000001,0.033716666666666666,0.009674999999999975,0.063475,0.008987499999999995,0.22039166666666665,0.0
2021-01-22,0.13025833333333334,0.037753125,0.0488475,0.057395,0.0,0.165875,0.3612,0.008987499999999995,0.15571583333333333,0.1661
2021-01-25,0.0754752380952381,0.0515475,0.19573333333333334,0.24721875000000001,0.20316399999999998,0.2227425,-0.07466666666666667,0.13834444444444446,0.15524230769230768,0.19028333333333336
2021-01-26,-0.09735714285714285,0.1075986111111111,0.37005999999999994,0.25384305555555553,0.07196666666666668,0.1747109022556391,-0.042666666666666665,0.04933333333333333,0.25005499999999997,0.26335
2021-01-27,0.05965,0.02204107142857143,0.2073222222222222,0.0007266666666666643,0.1258,0.07332264492753623,0.0,0.3614166666666667,0.4188444444444444,0.4959
2021-01-28,0.24848020833333334,0.14307742857142858,0.09937291666666666,0.05785347222222223,0.226515,0.125371,0.14908125,0.0,-0.10381388888888887,0.31026666666666664
2021-01-29,0.05678333333333333,0.15471041666666668,-0.34639722222222225,0.12142375000000002,-0.03098333333333333,0.14101875000000003,0.10115,-0.070525,0.13175625,0.18926666666666667
2021-02-01,0.4863833333333334,0.07755583333333334,0.09219666666666668,0.05229874999999999,0.23296999999999998,-0.07343200000000001,0.199695,0.2083,0.2842746428571429,0.5081
2021-02-02,0.15648333333333334,0.19279333333333332,0.002197660818713439,0.30022916666666666,0.088025,0.0575076923076923,0.0,0.06743333333333333,0.40635,0.2732
2021-02-03,0.08353333333333335,-0.0007083333333333154,0.07992166666666667,0.29460166666666665,0.21987666666666666,0.04631249999999999,0.0344,0.28605,0.2469125,0.11023888888888889
2021-02-04,0.052216666666666654,0.22293733333333332,0.14695,-0.026214999999999995,0.10124318181818182,0.08056666666666666,0.0344,0.0,0.13906940836940837,0.2809
2021-02-05,0.068705,-0.21673333333333336,0.04670166666666667,0.010145833333333326,0.33121833333333334,-0.019325000000000002,0.0,0.28595,0.21494166666666667,0.11273333333333334
2021-02-08,-0.007988333333333333,0.1297741904761905,0.20309166666666667,-0.009517619047619042,-0.04989999999999999,0.22244880952380952,0.2232,0.2637,0.19317499999999999,0.21815
2021-02-09,0.05222321428571429,0.05041428571428571,0.07955,0.012599999999999993,0.23256249999999998,0.07385833333333335,0.4414916666666667,0.0,0.05666666666666667,0.2732
2021-02-10,-0.039642222222222225,0.2639202380952381,-0.19583333333333333,0.03323333333333334,0.19983599999999999,0.12397261904761905,0.1147,0.0,-0.028625000000000005,0.211575
2021-02-11,0.120215,0.11470111111111111,0.054193750000000006,0.3072083333333333,0.1398375,-0.0658375,0.1147,0.08808,0.019776666666666665,-0.0184625
2021-02-12,0.3825,-0.008623666666666674,0.019594666666666673,0.0,0.09633750000000002,0.20568333333333333,0.1147,0.5370250000000001,0.07326666666666669,0.18286666666666665
2021-02-16,0.10841757575757578,0.06202557142857144,0.146940625,0.1241825,-0.06551666666666665,-0.23104107142857142,0.13526666666666667,0.28595,0.0483625,0.4229625
2021-02-17,0.05536666666666667,0.10958166666666666,-0.05507545454545455,0.2356725,0.18815555555555555,0.06664285714285714,0.06348333333333334,0.0,0.2140022222222222,0.2889
2021-02-18,0.19733333333333333,0.2275464761904762,0.19467777777777776,0.06640000000000001,0.11442000000000001,0.08401571428571428,0.31796250000000004,0.0,0.088275,0.27658333333333335
2021-02-19,0.159,0.1648388888888889,0.32935,0.155975,0.25628333333333336,0.2694141666666667,0.10218333333333333,0.0425,0.19435,0.60075
2021-02-22,0.18444,0.0742825,0.13153611111111113,-0.03415,0.189186,0.10063333333333332,0.09610833333333334,0.15293333333333334,0.23552499999999998,0.2732
2021-02-23,0.24614444444444442,0.12163392857142857,0.29191666666666666,-0.03736249999999999,0.0717,0.1206888888888889,0.0693125,0.06743333333333333,0.22256458333333334,0.2739
2021-02-24,-0.023973214285714278,0.047046875,-0.02732633333333333,0.04871875,0.18738333333333335,-0.08522166666666668,0.0,0.14303333333333335,0.2406222222222222,-0.05313333333333333
2021-02-25,0.005622222222222223,0.12642166666666668,0.1898625,0.1835641666666667,0.40405625,0.1418486111111111,0.0,0.05234666666666667,-0.00785,0.0
2021-02-26,0.14984166666666665,0.1821105,0.022766666666666668,0.070775,-0.20015000000000002,0.016977777777777786,0.04933333333333333,0.18745,0.15510277777777778,-0.09866666666666667
2021-03-01,0.021162500000000004,0.21060625,0.2517376666666667,0.001716000000000001,0.1589375,-0.043338749999999995,0.0033374999999999932,0.48735,0.07371250000000001,-0.03959999999999999
2021-03-02,0.2687,0.0463125,-0.12524333333333332,0.32705833333333334,0.1013,0.024500000000000004,0.2294,0.0,-0.052466666666666655,-0.07089999999999999
2021-03-03,0.0707825,0.037444285714285715,0.011222727272727268,0.011080476190476191,0.3306,0.041658928571428576,0.2294,0.0028666666666666667,0.3404,0.2023
2021-03-04,0.1925,-0.10224602272727272,0.09308999999999999,0.19150499999999998,-0.024284374999999997,0.03893125000000001,0.296,0.5574,0.08723333333333333,0.5563
2021-03-05,0.10985733333333333,0.20877083333333335,0.22723333333333331,0.14678833333333333,-0.0440625,0.04992857142857143,0.17,0.0,0.0881,0.19469999999999998
2021-03-08,-0.068966,0.13047847222222222,0.13008583333333334,0.16711875,0.0493,0.13829166666666665,0.09948888888888889,0.3731,0.2642275,-0.100475
2021-03-09,0.193225,0.12263166666666668,-0.1678015873015873,-0.02119,0.0,0.13309722222222223,0.0,0.3731,-0.012631249999999997,-0.0853
2021-03-10,0.137421875,0.1463918961038961,0.14208749999999998,0.4745055555555555,0.14186666666666667,0.08618269230769232,0.2139,0.1779,0.2083,0.3919
2021-03-11,0.21927666666666668,0.08439571428571428,0.29270555555555555,0.10335,0.04036,0.24921733333333335,0.320675,0.0,0.1300407142857143,0.3919
2021-03-12,0.1957607142857143,0.14864000000000002,0.4767,0.07102333333333335,-0.12040000000000001,0.24630555555555556,0.148,0.14613333333333334,0.23511666666666667,0.28175
2021-03-15,0.10842291666666667,0.2340242857142857,0.11092916666666666,0.24203125,0.20649314285714288,0.26889166666666664,0.0,0.3569333333333333,0.043179999999999996,0.24906666666666666
2021-03-16,0.06454666666666667,0.1937245,-0.14980833333333332,0.07153499999999999,0.1730625,-0.012766666666666657,0.0,0.037066666666666664,-0.020960000000000003,0.06388888888888888
2021-03-17,0.1295,0.09070249999999999,0.017116666666666665,0.15256999999999998,0.12701666666666667,-0.015006249999999999,0.1366,-0.0128375,0.32783333333333337,0.06388888888888888
2021-03-18,-0.00976666666666666,0.17750866666666668,-0.048166666666666684,0.04575416666666666,0.14851666666666666,-0.05928999999999999,0.1366,0.24350000000000002,0.1892222222222222,0.17
2021-03-19,0.11760666666666668,0.05730095238095238,0.27920000000000006,-0.019455000000000007,0.2987,-0.15037499999999998,0.17,0.24350000000000002,0.148,0.17
2021-03-22,-0.004141666666666666,0.087212,0.008466666666666671,0.262805,-0.015949999999999992,0.0628,0.10115,0.24350000000000002,0.09926374999999998,0.17
2021-03-23,0.055409999999999994,0.271785,-0.12369277777777779,0.2923104166666667,0.12751666666666664,0.1478125,-0.125,0.0,0.31224583333333333,0.0683
2021-03-24,0.2311875,0.21298143939393938,-0.017446666666666666,0.14968888888888887,0.224925,0.11874166666666666,0.1366,0.0,-0.003456250000000006,0.0683
2021-03-25,-0.003094999999999998,0.139662,0.20511666666666667,0.019485000000000002,0.18635000000000002,-0.06235555555555556,0.264225,0.2992,0.037841666666666676,0.44489999999999996
2021-03-26,0.1357375,-0.01335610119047619,0.33000388888888893,0.210324,0.020763888888888887,0.1983035714285714,-0.19733333333333333,0.2992,0.17730625,0.296
2021-03-29,0.14191805555555553,0.26077915584415584,0.17203999999999997,0.018072444444444443,0.28385666666666665,0.274192,-0.19733333333333333,0.0806875,0.25424375,0.47358749999999994
2021-03-30,0.16086250000000002,0.105048,0.33471666666666666,0.02265807692307693,-0.0599375,0.20733333333333331,-0.19733333333333333,0.12726666666666667,0.35508888888888884,0.0
2021-03-31,0.0,0.125685,0.22500416666666667,0.1516664285714286,0.050409999999999996,0.14226388888888888,0.148,0.0,0.09447777777777777,0.1366
2021-04-01,0.08523750000000001,0.023636666666666667,-0.2929,0.16795,0.02037000000000001,0.22172916666666664,0.0,-0.2942,0.0035975000000000174,0.07048888888888889
2021-04-05,0.344484,0.22062666666666667,0.08060500000000001,0.27254307359307356,0.13209416666666668,0.34786500000000004,0.302725,-0.2009,0.2286717948717949,0.08873333333333333
2021-04-06,0.15662380952380953,0.22173083333333332,0.10066249999999999,-0.033585,0.12273333333333332,0.038015,0.1779,0.4767,-0.07585111111111112,0.0
2021-04-07,0.04215,-0.07609066666666667,-0.06846666666666666,0.14760625,0.3327,0.0814,-0.1591,0.4019,0.13238333333333333,0.1366
2021-04-08,0.2307666666666667,0.29276928571428573,0.07392,0.017041666666666667,0.23209749999999998,0.08161666666666666,0.162675,0.0,0.06525,0.3996
2021-04-09,0.09300875,0.18512142857142855,-0.18888749999999999,0.08585238095238096,0.23161666666666667,0.18125761904761906,0.162675,0.0,0.20980277777777778,0.2732
2021-04-12,-0.18526666666666666,0.17996428571428572,0.370425,0.26894158730158735,0.11652166666666668,0.21673333333333333,0.06743333333333333,0.49429999999999996,0.09599374999999999,0.47513333333333335
2021-04-13,0.32824000000000003,0.14032833333333333,0.24647777777777777,0.26272641025641025,-0.003495833333333337,0.3915916666666666,0.06743333333333333,0.0,0.1364388888888889,0.0758888888888889
2021-04-14,0.16172,0.005494166666666672,0.07579166666666667,0.26769907917888563,-0.01144666666666666,0.10808958333333332,0.18987500000000002,0.0,0.09248333333333333,0.4279625
2021-04-15,0.027225,-0.01665071428571429,0.0017400000000000083,0.20615444444444447,0.10661000000000001,0.2576666666666667,0.18987500000000002,0.1147,0.20173750000000001,0.36005
2021-04-16,0.2452,0.194296875,0.19619166666666665,0.30101833333333333,-0.125,-0.010338888888888878,0.0,0.0,0.021410000000000002,0.36005
2021-04-19,-0.03251875,0.0859998366013072,0.1215638888888889,0.1903182142857143,0.044012857142857145,0.18940875000000001,0.33486666666666665,0.09712499999999999,0.07044619047619048,0.113075
2021-04-20,-0.002617857142857144,0.023157380952380964,0.2569666666666667,0.26226,0.10699166666666667,-0.02722272727272726,-0.0258,0.09712499999999999,0.08261250000000002,0.3276
2021-04-21,0.08294814814814816,0.08473666666666667,0.033181249999999995,0.13127916666666667,0.33873,0.028086666666666666,0.24422500000000003,0.1147,0.06049166666666667,0.20364285714285715
2021-04-22,0.13594949494949496,0.23932291666666666,0.030422222222222222,0.15444166666666667,0.06006,0.09017,0.091375,0.13396666666666665,0.16816625,0.16
2021-04-23,0.22706833333333334,0.11434333333333332,-0.031190000000000002,0.24618333333333334,0.2787,0.09180000000000003,0.164925,0.7783,0.1336048076923077,0.09106666666666667
2021-04-26,-0.04617083333333332,0.1648821568627451,-0.015539999999999993,0.22928833333333337,0.241355,0.11588888888888887,0.0,0.0795,0.14754444444444445,0.19636666666666666
2021-04-27,0.05184074074074074,0.04444178571428571,0.06577777777777777,0.2058975,0.217925,0.15961019345238095,0.171,0.0795,0.184735,0.04185
2021-04-28,0.2663333333333333,0.1623965,0.40375999999999995,0.06639999999999999,0.14570723809523808,-0.011840210526315786,0.5574,0.2377888888888889,0.07814837662337663,0.17826666666666666
2021-04-29,0.19119125,0.12741583333333334,0.2006555555555555,0.28850000000000003,0.23567133333333334,0.02094269230769231,0.04933333333333333,0.1470225,0.15645714285714285,0.2294
2021-04-30,0.17981111111111112,0.10300833333333333,0.2092469642857143,0.111885,0.17294676923076924,0.04499000000000001,-0.2263,0.28300000000000003,0.0438,0.197405
2021-05-03,0.15644666666666668,0.08384838095238097,0.11941875,0.22597499999999998,0.22987433333333335,0.028621904761904765,0.045533333333333335,0.3821666666666667,0.04942361111111112,0.33525
2021-05-04,0.32935749999999997,0.15207729166666667,0.10509714285714285,0.15329142857142858,0.21327499999999996,0.12611,-0.016171875000000002,0.3821666666666667,-0.014508333333333337,0.3594
2021-05-05,0.20988,0.08195555555555556,0.12252083333333333,0.08305749999999999,0.22193000000000002,0.228517,0.8591,0.0,0.23646111111111112,0.07373333333333333
2021-05-06,-0.015916666666666662,0.13727833333333334,0.23794583333333333,0.08076,0.0,0.2476125,0.16975,-0.0605,0.18491666666666665,0.0
2021-05-07,0.10294166666666665,-0.10198333333333333,-0.0937625,0.029529166666666665,0.17,0.05978571428571428,0.16975,-0.0605,0.2519777777777778,0.1897333333333333
2021-05-10,-0.11144033333333334,0.14298333333333332,0.15901933333333335,0.07307000000000001,0.08046266666666667,0.2396625,0.191225,-0.0605,0.13262222222222222,0.4433392857142857
2021-05-11,0.20085999999999998,0.03266299999999999,-0.053465000000000006,0.10586666666666668,0.13396666666666665,0.07876250000000001,0.3404,0.296,0.04053333333333333,0.4433392857142857
2021-05-12,0.08715,0.011312500000000003,0.11035833333333334,0.036679166666666665,0.5164500000000001,0.08220857142857144,0.4939,0.34895,0.22020000000000003,0.3779666666666666
2021-05-13,0.0,0.38443333333333335,0.0,0.133525,-0.02864444444444444,0.12295,0.0,0.0,-0.0252875,0.1909
2021-05-14,0.0,-0.027088496376811586,-0.02838888888888889,0.08116041666666668,0.17097500000000002,0.07574999999999998,0.148,0.0,0.1621388888888889,0.5106
2021-05-17,0.00817589743589744,0.039122832817337465,0.22931916666666666,0.30990599999999996,0.123194,0.18967678571428573,0.28424,0.0,0.07626666666666666,0.1366
2021-05-18,-0.0025823333333333367,0.14397455357142858,-0.02824999999999999,0.2924111111111111,0.10953333333333333,0.007116,0.11820000000000001,0.0,0.35885,0.1806
2021-05-19,0.20353,0.106979,-0.1192125,0.2911722222222222,-0.17,0.07492499999999999,-0.20095,0.0,-0.19401428571428572,0.6908
2021-05-20,0.10778499999999999,0.2100425,0.10115,0.10452777777777778,0.17911666666666665,0.23156666666666667,0.0,0.0,0.16495583333333333,0.19334999999999997
2021-05-21,0.21222285714285713,0.1184952380952381,0.0373625,-0.0019708333333333366,0.24296,0.401575,0.1591,0.0,0.2834,0.21230000000000002
2021-05-24,-0.015649999999999997,0.18996688888888888,0.11589333333333333,0.0389875,0.31261083333333334,0.22372500000000003,0.105625,0.1158,0.33765,0.28036666666666665
2021-05-25,0.3173875,0.17060486111111112,0.1691784722222222,0.21031111111111112,0.21935,0.0,0.13396666666666665,0.583725,-0.04800666666666666,0.2732
2021-05-26,0.07438095238095238,0.09883598484848485,0.309022,-0.09013541666666669,0.0,0.060494444444444434,0.0,0.0,0.325525,0.3715
2021-05-27,0.147422,0.2537975,0.1108022222222222,0.011815624999999996,0.14046250000000002,0.15034722222222222,0.23803333333333335,-0.05135,0.22606499999999996,0.36345
2021-05-28,0.4097436666666667,0.2514166666666667,-0.032290000000000006,0.20167666666666667,0.16181666666666666,0.0903,0.14923333333333333,0.5028,0.1454125,0.2732
2021-06-01,0.388525,0.26591628205128204,0.08987038095238095,0.09869388888888889,0.15745066666666668,0.177825,0.1968,0.1367,0.09444000000000001,0.20101666666666665
2021-06-02,0.12601,0.15471809523809524,0.17278625,0.16560400000000003,0.1433375,0.10194999999999999,0.0,0.5719,0.13198333333333334,0.43463333333333337
2021-06-03,0.18738333333333335,0.25429,0.22661000000000003,-0.005325000000000002,0.17524,0.24319166666666667,0.20095,0.16836666666666666,0.08251666666666667,0.0
2021-06-04,0.295435,0.11211533333333334,0.0,0.3451875,-0.03005,0.17345,0.0,0.6369,0.15014333333333332,0.62465
2021-06-07,0.2558577777777778,0.13275416666666667,-0.2298,0.21601809523809523,0.08859999999999998,0.28919375,0.10424375000000001,0.6369,0.272188125,0.62465
2021-06-08,0.3534083333333333,0.07043583333333334,0.23466666666666666,0.18028333333333335,0.123475,0.09484999999999999,0.12040000000000001,0.6369,0.3763,0.2083
2021-06-09,0.0,0.12109999999999999,0.179205,0.39093,0.0021272727272727263,0.1134875,0.0,0.0,0.2146125,0.1366
2021-06-10,0.06415371428571429,0.061589500000000005,0.12267000000000002,0.13743333333333335,0.22555833333333333,0.0787,0.0,0.15928,0.14963437500000001,0.0
2021-06-11,0.2947416666666667,0.026685000000000004,0.047841666666666664,0.4219833333333333,0.03532291666666666,0.4711666666666667,0.0,0.0,-0.007481249999999995,0.0
2021-06-14,0.12615833333333334,0.24796126984126982,0.27899599999999997,0.027716666666666667,0.14745833333333333,0.10606666666666666,0.33956666666666663,-0.0386,-0.014361249999999992,0.23534166666666667
2021-06-15,0.09738,0.19200583333333332,0.3106216666666667,0.18226,0.26181666666666664,-0.015422222222222219,0.0,-0.148,0.0,0.6249
2021-06-16,0.280775,0.09042457142857144,0.28095800000000004,0.05394333333333334,0.0,0.3181916666666667,0.0,0.13155555555555556,0.13639166666666666,0.0
2021-06-17,0.39725000000000005,0.08714166666666667,0.04000833333333333,0.051900999999999996,0.09006666666666667,0.0,0.044265,0.23835,-0.029229259259259264,0.4019
2021-06-18,0.0,0.268815,0.116425,0.13863541666666668,0.3057166666666667,0.1748333333333333,0.148,0.1628166666666667,0.09379749999999999,0.0
2021-06-21,0.2879,0.04414039682539682,0.10220749999999998,0.03667666666666667,0.35190333333333335,0.18258888888888888,0.044955555555555554,0.1628166666666667,0.12927812500000002,0.12572708333333332
2021-06-22,-0.26344999999999996,-0.002868999999999999,0.1337125,-0.12886875,0.148,-0.20061666666666667,0.105375,-0.2023,0.059400000000000015,0.12572708333333332
2021-06-23,-0.004465833333333332,0.13532316666666666,0.33734,0.2592875,0.19510000000000002,0.0734,0.105375,-0.2023,0.09089333333333334,-0.13797500000000001
2021-06-24,-0.11908750000000001,0.18633249999999998,0.14267166666666667,0.17581928571428573,0.14643333333333333,0.10274444444444446,0.098675,-0.1909,0.26868333333333333,0.5488500000000001
2021-06-25,0.05488333333333334,0.11347800000000001,0.24453333333333332,-0.012633333333333333,0.09732600000000001,0.04421666666666666,0.07538333333333334,0.31845,0.5199,0.7096
2021-06-28,0.241345,0.12034380952380952,-0.03895499999999998,0.036738666666666676,0.3216,0.2569,0.0,0.06443333333333333,0.04926958333333334,0.47751666666666664
2021-06-29,0.2202,-0.024838571428571425,0.526616,0.14495750000000002,0.04899999999999999,0.21865,0.0258,0.0,0.33261875,0.29583333333333334
2021-06-30,0.2895378787878788,-0.027970238095238083,0.10722916666666667,0.08118511111111111,0.107525,0.05084444444444444,0.0258,0.0,0.10346444444444447,0.24695
2021-07-01,0.29893749999999997,0.16042666666666666,0.179868,0.18588636363636366,0.148,0.26194999999999996,0.06743333333333333,0.4983666666666666,0.1311,0.1366
2021-07-02,0.0216,0.22595,0.286435,0.1968375,0.5673375,0.01896666666666667,0.296,0.61895,-0.08375555555555557,0.2732
2021-07-06,0.056125,0.12166666666666666,-0.09065555555555556,-0.041333125,0.03227000000000001,0.003350000000000001,0.0795125,0.296,0.2590166666666667,0.2214
2021-07-07,0.07976000000000001,0.1907725,0.013188333333333333,0.01048452380952384,0.3101,0.405,0.0,0.2882,0.34613333333333335,0.296
2021-07-08,0.205775,0.0016099999999999893,0.15350533333333333,0.04701388888888889,0.07770625,0.21785,-0.061099999999999995,0.0,0.205025,0.6348499999999999
2021-07-09,0.3075888888888889,0.09102,0.15546,0.1870304761904762,0.0,0.052075,-0.061099999999999995,-0.125,0.22415833333333332,0.1366
2021-07-12,0.09792500000000001,0.11445555555555556,0.46077777777777773,0.16625380952380953,0.17195,0.2759333333333333,0.3818,0.0,0.13435416666666666,0.09106666666666667
2021-07-13,0.11024,0.21934416666666667,-0.011924999999999998,0.21709177350427353,0.04933333333333333,-0.1426,0.0,0.0,0.16463333333333333,0.10455
2021-07-14,0.028333333333333335,0.144861,0.2049,0.19039807692307692,0.4065125,0.0734,0.0,0.0252875,0.017360000000000004,0.34
2021-07-15,0.08392222222222223,0.03146083333333334,0.0035033333333333375,0.056508944444444445,-0.07655,0.0,0.20095,0.0,-0.010980000000000002,-0.3182
2021-07-16,0.02132,0.15410555555555558,0.09062533333333334,0.20850000000000002,0.6597,0.18765,0.11333333333333334,0.0,0.09252961538461538,0.3231833333333333
2021-07-19,0.27175666666666665,0.015640303030303025,0.12303033333333335,0.11875896103896105,-0.013225000000000004,0.06231964285714285,-0.022716666666666673,-0.142975,-0.03501220238095239,0.056833333333333326
2021-07-20,0.40086,0.14270500000000003,0.29946,0.19303303030303026,-0.0128375,0.0,0.10116666666666667,0.0,0.12433749999999999,0.1366
2021-07-21,-0.027524999999999994,0.10497625,0.2891933333333333,0.30012678571428575,0.0,0.08465,-0.054877777777777775,0.0,0.10380803571428572,-0.07955
2021-07-22,0.20694374999999998,0.17166333333333333,0.09316333333333333,0.24903999999999998,-0.03630714285714286,0.09079166666666667,0.1206,0.148,0.024883333333333323,0.10423750000000001
2021-07-23,0.12430972222222222,0.09400875,0.41118083333333333,0.13628333333333334,0.10195555555555556,0.27401111111111115,0.2294,0.148,-0.03206166666666667,0.3263333333333333
2021-07-26,0.018900000000000004,0.08856875,0.06085666666666666,0.02880357142857142,0.26276666666666665,-0.014949999999999996,0.16593333333333335,0.48355,0.12623293269230768,0.33912916666666665
2021-07-27,0.10033333333333334,0.14939027777777777,0.0,0.23217559523809525,-0.044074999999999975,0.11515640211640212,0.16233333333333333,0.48355,0.0786042760942761,0.0
2021-07-28,0.06511666666666667,0.17853333333333332,0.15039166666666667,0.07005116666666666,0.15347083333333336,0.34976666666666667,0.16233333333333333,0.074,0.1845619047619048,0.0
2021-07-29,0.20928373015873014,0.20445123809523807,0.08712666666666667,0.3149875,0.1321825,0.2104722222222222,0.2584125,-0.06235555555555556,0.14758541666666666,0.2411
2021-07-30,0.03771666666666667,0.041459523809523814,0.2352835227272727,-0.13342500000000002,0.15523777777777778,0.11740333333333332,0.296,0.0,0.363025,0.0
2021-08-02,0.046685416666666674,0.27209696969696967,0.040445666666666664,0.32151266666666667,0.277701,0.14072698412698414,0.0,0.17465,0.10725608465608466,-0.07895
2021-08-03,0.16637,0.15706071428571428,0.30530416666666665,0.30226,0.2392388888888889,0.10115,0.19634166666666664,0.146475,0.10389583333333334,0.0
2021-08-04,0.07239999999999999,0.0388875,0.0,0.09481999999999999,0.14198499999999997,0.15796666666666667,0.0,0.0,-0.058783333333333326,0.1366
2021-08-05,0.06615416666666667,0.278315,0.079635,-0.027075999999999996,0.1815,0.17696875,0.0,0.0,0.10112559523809525,0.17333333333333334
2021-08-06,0.13043749999999998,0.14290000000000003,0.033016666666666694,0.04933333333333333,0.09545,0.01465000000000001,0.0,0.148,0.07719000000000001,0.166275
2021-08-09,0.18629666666666667,0.09996181818181818,-0.019904166666666646,0.25559375,0.18340625,0.27615555555555554,0.09106666666666667,-0.0128375,0.054343749999999996,0.2533166666666667
2021-08-10,0.0804625,0.068115,-0.08854523809523811,0.162755,0.05863333333333333,0.12112222222222223,0.0683,0.46645000000000003,0.010589999999999999,0.2436
2021-08-11,-0.059833333333333315,0.0622875,0.14515833333333333,0.12643333333333334,0.20126666666666668,-0.0729125,-0.21076111111111112,0.4393,0.0,0.0683
2021-08-12,0.31477333333333335,0.09521416666666668,0.022860000000000002,0.20631285714285713,0.2388375,0.1806,0.2543666666666667,0.296,0.40025,0.060275
2021-08-13,0.2051166666666667,0.3255876315789473,0.024666666666666667,0.07833541666666666,0.246,-0.074,0.2294,0.296,0.068925,0.243
2021-08-16,0.04236160714285715,0.07168166666666667,0.05001428571428572,0.08007916666666667,0.09712799999999999,0.05903124999999998,0.04046,0.11171249999999999,0.06872,0.16447916666666668
2021-08-17,0.159375,0.10879574074074073,-0.023993333333333335,0.10088392857142858,0.25926,0.1858,0.35875,0.296,-0.02628666666666667,0.296
2021-08-18,0.029729464285714283,0.110379375,0.014864999999999995,0.11029375,0.31467500000000004,-0.03160000000000002,0.2049,0.46618333333333334,0.30650675,0.296
2021-08-19,0.082035,0.16655555555555557,0.0671934523809524,0.19498749999999998,0.07144999999999999,0.105375,-0.02551666666666667,0.25,0.06789523809523809,0.296
2021-08-20,0.04287222222222223,0.175735,-0.30306666666666665,-0.07329999999999999,0.17,-0.2615,0.02034999999999998,0.296,-0.09728666666666667,0.5144333333333333
2021-08-23,0.21510166666666666,0.031409285714285716,0.1302771212121212,0.17448,-0.0293125,0.24468888888888887,0.11132500000000001,-0.1027,0.1289818181818182,-0.006933333333333329
2021-08-24,0.29965555555555556,0.023832142857142857,0.006183333333333332,0.12511250000000002,0.23443333333333335,0.27225,0.0,0.296,0.049676719576719576,-0.07744444444444444
2021-08-25,0.2202,0.22290458333333332,0.0683,0.2689333333333333,0.05234,0.3013,0.0,0.3034,0.02710833333333333,0.0116
2021-08-26,0.23911666666666664,0.12436049999999998,0.052476,-0.016120000000000002,0.043125000000000024,0.0,0.296,0.3034,0.313285,0.0116
2021-08-27,0.4492125,0.09698787878787878,0.003168749999999998,0.153175,0.2950875,0.2830958333333333,0.24695,0.050575,-0.017137500000000007,0.0
2021-08-30,0.1262525,0.15870595238095236,-0.020462857142857137,0.10115,0.24208333333333334,0.06201111111111112,0.13935,-0.0353,0.34704833333333335,0.36600000000000005
2021-08-31,0.08305,0.06124047619047619,0.08014733333333332,0.19934107142857144,-0.01909,0.316875,0.05666666666666667,0.0,-0.02590833333333334,-0.125
2021-09-01,0.08305,0.24788095238095237,0.020799404761904772,0.16063125,0.08912083333333333,0.0,0.0,0.2732,-0.040555555555555546,0.1733
2021-09-02,0.05425,-0.014074166666666672,0.3168410512820513,0.19008733333333333,0.13973333333333332,0.007816666666666658,0.0,0.2732,0.3392,0.29569999999999996
2021-09-03,0.31587777777777776,0.2940916666666667,0.13723348214285716,0.14434166666666667,0.13973333333333332,0.03136666666666666,0.0,0.0516,0.2556125,0.0
2021-09-07,0.24816666666666667,0.18246142857142858,0.20011433333333334,-0.05942500000000002,0.2895216666666667,0.19976,0.13396666666666665,0.152525,0.19896095238095238,0.057208333333333326
2021-09-08,0.16150208333333332,0.1471537878787879,0.12153928571428572,0.18741500000000003,0.009156666666666665,0.2609111111111111,-0.17906666666666668,0.0476,0.13909583333333334,0.0
2021-09-09,-0.07891285714285715,0.05739,0.30797942857142857,-0.03893500000000001,0.02205595238095239,0.0,-0.07694999999999999,0.0,0.18947166666666665,0.0
2021-09-10,0.09053749999999999,0.18865250000000003,-0.05831458333333332,-0.1299958333333333,-0.05303333333333333,-0.0308875,0.0,0.2654666666666667,-0.11757083333333336,0.36124999999999996
2021-09-13,0.24411571428571427,0.1336848051948052,0.23389508928571429,0.06502916666666667,0.26873111111111114,0.10145555555555556,0.07007333333333333,0.0,0.05269966666666666,0.12365
2021-09-14,0.16030416666666666,0.11745333333333334,-0.0366875,0.133525,0.31535,0.03288888888888889,0.12726666666666667,0.34040000000000004,0.194275,0.1147
2021-09-15,0.007855000000000001,0.02382,-0.04296333333333333,0.22450333333333333,0.17227708333333336,-0.016250000000000004,0.12726666666666667,0.0,0.11011785714285714,0.5488500000000001
2021-09-16,0.05839999999999999,-0.022213999999999994,-0.18103333333333335,0.12200000000000001,0.23729999999999998,0.15736666666666665,0.3286,0.023500000000000004,0.20064333333333334,0.17020000000000002
2021-09-17,0.06264,0.25651666666666667,0.15253333333333333,0.13742666666666667,0.034284999999999996,0.0,0.21330000000000002,0.0,-0.004446666666666654,-0.3182
2021-09-20,0.3034075757575757,0.1654626153846154,0.08659625000000001,-0.0736704761904762,0.06995133333333335,-0.0031624999999999917,0.1570125,0.0732375,0.30441333333333337,0.16972500000000001
2021-09-21,0.10283333333333333,0.1258077777777778,0.12421,-0.009930999999999997,0.15253333333333333,-0.03771666666666667,0.0,0.17,0.1206617857142857,0.42405
2021-09-22,0.15978399999999998,0.24298333333333333,0.09969333333333334,0.12809880952380953,-0.06726,0.09405,0.03682,0.151725,0.08091866666666667,0.5917
2021-09-23,0.08847,0.22981952380952383,0.22777833333333333,0.008260000000000003,0.26716,0.33011666666666667,0.0,0.0,0.04324833333333335,0.37877500000000003
2021-09-24,0.08656666666666667,0.06245843749999999,0.0486952380952381,0.24102,0.07586666666666667,0.021333333333333333,0.0,0.0,0.19776500000000002,0.37877500000000003
2021-09-27,0.19433750000000002,0.1272409523809524,0.003622222222222221,0.150233,0.263595,0.053470000000000004,0.100475,0.24671666666666667,0.18366033333333334,0.30878125
2021-09-28,0.140023,0.10505333333333333,0.0075466666666666685,0.2564447619047619,0.15612533333333334,0.28683333333333333,0.0,0.5267,0.151244,-0.01466666666666667
2021-09-29,-0.06775,0.23533625000000002,0.20385833333333334,0.020024999999999998,0.27834166666666665,0.21075,0.0,0.0,0.21318166666666666,0.26335
2021-09-30,0.10342666666666667,0.08550666666666666,0.09925333333333333,0.07160799999999999,0.0044874999999999984,0.15487083333333335,0.2083,0.3021,0.16957166666666665,-0.1587388888888889
2021-10-01,0.20576250000000001,0.18347452380952378,0.23672500000000002,0.20264333333333337,0.10013333333333334,0.21075,0.0,0.0,-0.171766,0.0
2021-10-04,0.018139999999999996,0.1939285238095238,0.21715833333333334,0.04550125,0.18934800000000002,0.15644249999999998,0.0,0.0,0.16073357142857142,-0.13883333333333334
2021-10-05,-0.005649999999999999,0.0028853333333333344,0.21606,0.067112,0.1316975,0.024666666666666667,-0.00686666666666665,0.0,0.13896000000000003,0.0683
2021-10-06,0.026670833333333335,0.166974,0.23756666666666668,0.16633333333333333,0.1438777777777778,-0.164285,0.18513968253968258,0.370275,0.1287039583333333,0.0683
2021-10-07,0.23674166666666668,0.026787500000000006,0.11381857142857141,0.062368,0.13890444444444444,0.0,0.21230000000000002,0.0,-0.010751666666666677,0.4939
2021-10-08,-0.00509374999999998,0.09568749999999998,0.05754365079365079,0.25780000000000003,0.0709611111111111,0.09792500000000001,0.185,0.50935,0.05983433333333334,0.4939
2021-10-11,0.18658333333333332,0.10502971861471862,0.04338333333333334,0.17813542124542125,0.04750096153846154,0.5391,0.1889,0.100475,0.09324444444444445,0.15591666666666665
2021-10-12,0.3031833333333333,0.23572187500000003,0.18352222222222223,0.014389583333333334,0.22478571428571428,0.0,-0.40775,0.0,0.22666766666666666,0.0
2021-10-13,-0.1746777777777778,0.0801525,0.21643333333333334,0.14523427777777778,-0.06929,0.120625,0.015741666666666664,0.51885,0.12062333333333335,-0.1909
2021-10-14,-0.0017416666666666598,0.2799815476190476,0.185225,0.32322776190476193,0.0,0.24571666666666667,-0.12765,0.10780555555555556,0.08346999999999999,-0.042899999999999994
2021-10-15,0.40364999999999995,0.43391111111111114,0.173063,0.3184381746031746,0.13325,0.2022625,0.148,0.1514,0.160025,0.2772
2021-10-18,0.28504999999999997,0.034851325757575755,0.09308,0.029329666666666664,0.23418085714285714,0.110375,0.31245,0.0,0.07923111904761904,0.16975
2021-10-19,0.09011666666666665,0.044297395833333336,0.23352599999999998,-0.13926666666666668,-0.0034098214285714287,0.11291111111111111,0.0,0.1909,0.2747116666666667,0.03612
2021-10-20,0.10126666666666667,0.228825,0.13588611111111112,-0.0380875,0.077984,-0.016300000000000002,-0.0222375,0.125,0.13869333333333334,0.32416
2021-10-21,0.054582857142857155,-0.007228999999999997,0.09862708333333334,0.024579285714285713,0.24110499999999999,0.06555,0.17553541666666667,0.164,0.08576399999999999,0.32416
2021-10-22,0.24528750000000002,0.13219,0.1761887619047619,-0.17345666666666668,0.044094999999999995,0.10415,0.13396666666666665,0.7184,0.2607461111111111,0.3538
2021-10-25,0.46004500000000004,0.11121433333333333,0.19678819444444445,0.02017083333333334,0.041537500000000005,0.03767916666666668,0.12478333333333334,0.10115,-0.028914583333333327,0.3654
2021-10-26,0.2707571428571428,0.023364,0.25594285714285714,0.1759625,-0.07435833333333335,0.2657758333333333,-0.1147,0.5028,0.11592619047619049,0.1366
2021-10-27,0.28475,0.21236083333333333,0.021904285714285716,0.034468452380952384,0.1569267857142857,0.01379166666666666,0.26335,0.151725,0.03560303571428572,0.0734
2021-10-28,0.11212916666666665,0.018321527777777777,0.08284479166666667,0.2464625,0.14974846153846152,0.19855499999999998,0.010866666666666672,0.20546666666666666,0.22994000000000003,-0.215175
2021-10-29,0.230325,0.09443312499999999,0.3772238888888889,0.24104916666666665,0.0392890231092437,0.08412777777777779,0.0,0.16892222222222222,0.075685,0.2732
2021-11-01,0.12747500000000003,0.10802833333333335,0.14172395833333334,0.30077125,0.27560799999999996,0.21230000000000002,0.12040000000000001,0.05097777777777778,0.25267833333333334,0.2936
2021-11-02,0.26291000000000003,0.192532,0.04061666666666668,0.11807767857142859,0.25833541666666665,0.04098333333333334,-0.07040000000000002,0.033716666666666666,0.15081666666666665,0.0
2021-11-03,0.11214550000000001,0.17677380952380953,0.0006933333333333375,0.166075,0.13714166666666666,0.09038333333333333,-0.07040000000000002,0.0,0.23329733333333333,0.01811666666666668
2021-11-04,0.19446133333333332,0.10844666666666666,0.2349825,0.233945,0.1511621212121212,-0.06159999999999999,0.0,0.1275,0.26268103622693095,0.16589166666666666
2021-11-05,0.201925,0.27509,0.24139722222222218,0.12763333333333335,0.35818148148148143,0.4388333333333333,0.07024999999999999,0.1275,0.12147666666666668,0.245
2021-11-08,-0.15794666666666668,0.12200066666666667,0.14538066666666669,-0.005867500000000001,0.1637370769230769,0.01187083333333333,0.23564000000000002,0.0166,0.07577700000000001,0.09106666666666667
2021-11-09,0.131675,0.185075,0.072735,0.017341666666666665,0.13804583333333334,0.2299734375,0.296,0.32257499999999995,0.19649999999999998,-0.015749999999999993
2021-11-10,0.08975555555555555,0.12792102564102564,-0.02863333333333334,-0.0007616666666666697,-0.013712500000000004,-0.03970625000000002,0.4514666666666667,0.32257499999999995,0.09087277777777779,0.0
2021-11-11,0.13193333333333335,0.0359032,0.045579999999999996,0.064231,0.19598666666666667,0.16726875,-0.10115,0.26713333333333333,0.27013257575757577,-0.0043
2021-11-12,0.1153,-0.011168095238095234,0.045579999999999996,0.20413333333333336,0.14674375,0.3410125,0.18695555555555554,0.2294,0.10120625,0.4215
2021-11-15,0.165532,0.011934298245614034,0.02198958333333334,0.27109642857142857,0.14423750000000002,0.28321875,0.31845,0.13039777777777775,0.17136041666666665,0.5260833333333333
2021-11-16,0.019717857142857145,0.1481618206521739,-0.028440000000000014,0.13028800000000001,0.14749333333333334,0.07818125000000001,0.0723,0.0,0.20532234848484848,0.11315
2021-11-17,-0.003999999999999999,0.29849638095238096,0.026964285714285715,0.005269323308270675,0.30110833333333337,0.09074166666666666,-0.0511,0.050575,0.05853790849673202,0.31845
2021-11-18,0.09115,0.14127857142857142,-0.02236666666666667,0.31004,-0.06034166666666666,0.13674999999999998,0.0,0.3968333333333333,0.09875221674876848,0.09866666666666667
2021-11-19,0.0540625,0.09852799999999999,0.017096031746031738,0.21285866666666667,0.1625125,-0.22212500000000002,0.1806,0.3968333333333333,0.14214342105263156,0.29295
2021-11-22,0.12283333333333334,0.1146095238095238,0.0018916666666666665,0.3715642857142857,-0.10080446428571427,0.11390625,0.25709499999999996,0.24995833333333334,0.21394571212121213,0.26096111111111114
2021-11-23,0.08526600000000001,0.15613958333333333,0.291305,0.05247625,0.18705,0.1144,0.12695,0.24995833333333334,0.33617600000000003,0.0
2021-11-24,0.16170625,0.06698333333333333,0.030355555555555556,0.08745,-0.1931333333333333,0.0,0.0,0.296,0.023680555555555552,0.34
2021-11-26,0.08984666666666666,0.27336733333333335,-0.044425000000000006,-0.19407966666666665,-0.11765555555555557,0.04,0.0,0.31845,-0.037750000000000006,0.34
2021-11-29,-0.14930000000000002,0.033723939393939396,-0.03923333333333332,0.018380416666666666,0.13253301282051283,0.025325,0.0,0.052075,0.16000353246753246,0.23775000000000002
2021-11-30,0.11441969696969696,0.23822583333333333,-0.07083125,0.18396833333333334,0.09612380952380954,0.10711666666666668,0.201625,0.0,0.02141722222222222,0.292825
2021-12-01,0.24037916666666667,-0.080848,0.21672333333333332,-0.029818749999999998,-0.11163333333333333,-0.14498333333333333,-0.1998,0.10115,-0.03607999999999998,0.045533333333333335
2021-12-02,-0.064,0.24885446428571428,0.11395873015873015,0.01168083333333334,-0.15028333333333332,-0.0042499999999999994,-0.23701111111111114,0.47250000000000003,0.1756769696969697,0.0
2021-12-03,-0.022783333333333336,0.31478142857142855,-0.009045833333333333,0.040906666666666675,0.23316875,0.21230000000000002,-0.016108333333333332,-0.13266666666666668,0.1830154017857143,0.4153
2021-12-06,0.06302777777777778,0.20185809523809523,0.03752988095238095,0.03826166666666667,0.17400722222222223,0.2990433333333333,0.119175,0.033716666666666666,0.15031971212121212,0.2612333333333333
2021-12-07,0.21965,-0.027633333333333343,0.12199041666666666,0.06895055555555556,0.026877777777777778,0.169425,0.0,0.0,0.2644844004524887,0.424975
2021-12-08,0.3682375,0.08089583333333333,0.16977083333333332,-0.007691999999999999,0.10704444444444446,-0.033874999999999995,0.2202,0.106,0.0381282738095238,-0.2732
2021-12-09,0.020958333333333332,0.142335,0.007481250000000002,0.20548000000000002,0.013574999999999997,0.20421666666666663,0.19453,0.3243,0.18498684848484848,-0.2732
2021-12-10,0.15510666666666667,0.1411375,0.26400666666666667,0.0696775,0.05132166666666667,0.1676166666666667,0.34,0.18130000000000002,0.10673939393939395,0.296
2021-12-13,0.040465,0.05103,0.0707547619047619,0.292502,0.21757666666666667,-0.03610833333333333,0.0,0.013486666666666666,0.086905,0.35165
2021-12-14,0.07332222222222222,0.07871066666666666,0.3198666666666667,0.060083333333333336,0.049760000000000006,0.1726625,0.24253333333333335,0.46525,0.053418333333333345,0.1815
2021-12-15,0.12249,0.30734500000000003,0.17346666666666666,0.06062,-0.018643749999999994,0.04288611111111111,0.27040000000000003,0.16858333333333334,0.20407466666666668,0.09106666666666667
2021-12-16,0.20951,0.3029625,0.11608749999999998,-0.061803750000000005,0.011853999999999998,-0.017385,0.05363333333333333,0.07655,0.07161041666666668,0.0
2021-12-17,-0.08777499999999999,0.10430390476190476,0.15038666666666667,0.11059133333333335,0.33908999999999995,0.04993285714285715,0.0,0.12169999999999997,-0.1369119047619048,0.0
2021-12-20,0.13634,0.14146371040723982,0.0009222222222222317,-0.07449393939393939,0.10939933333333333,-0.04837250000000002,0.054266666666666664,0.144975,0.054564999999999995,0.2880666666666667
2021-12-21,0.0883375,0.09698088972431078,0.0,0.23071999999999998,0.16676285714285713,0.1858025,0.054266666666666664,0.3446,0.14854666666666666,0.5794
2021-12-22,0.3915416666666667,0.020054166666666675,0.06698333333333333,0.16549999999999998,0.07136875000000001,0.335775,0.054266666666666664,0.0,0.5457966666666667,0.0
2021-12-23,0.12422222222222222,0.0744225,-0.015326666666666669,0.09492999999999999,0.22354549019607842,0.03322,0.16787000000000002,0.0,0.12270833333333334,0.4576
2021-12-27,0.2967625,0.060158333333333314,0.23013541666666665,0.2209833333333333,0.26692625,0.268165,-0.1027,-0.031375,0.175483125,-0.10115
2021-12-28,0.07275,0.10820125,-0.05641111111111111,0.12040000000000001,0.12369999999999999,0.07813333333333333,0.2038,0.05135,0.24520372727272727,-0.01056666666666665
2021-12-29,0.033716666666666666,0.16053541666666668,0.22915,-0.05865666666666667,0.36819999999999997,0.23288333333333336,0.6369,0.15533333333333332,0.12633944444444442,0.2197166666666667
2021-12-30,0.1517133333333333,0.09033833333333334,0.027281249999999996,0.347375,0.1717922619047619,0.105375,0.100475,0.2364833333333333,0.05605,0.429075
2021-12-31,0.06212222222222224,0.062409999999999986,0.3557766666666667,0.203153,0.15055,0.1806,0.100475,0.04684999999999999,0.25040985714285713,0.1366
2022-01-03,0.20468076923076922,0.0528665,0.10181714285714286,0.07671714285714286,0.17695504761904762,0.24409,0.10115,0.10615000000000001,0.33599940476190476,0.07545
2022-01-04,0.26890000000000003,0.045191666666666665,0.04521666666666667,0.21420688888888892,0.04162666666666667,0.224525,0.0,0.30722499999999997,0.06591450980392158,0.20779999999999998
2022-01-05,0.2257125,0.05369055555555556,0.15812222222222222,0.16203250000000002,-0.02543749999999999,0.11132222222222223,0.09106666666666667,0.1468,0.15246478787878787,0.20395000000000002
2022-01-06,0.259594,0.15405466666666667,0.0551,0.19491,0.31234,0.033716666666666666,0.23477777777777778,0.19733333333333333,0.15982,0.296
2022-01-07,0.133331,0.0036949999999999956,0.25688,0.0744,0.13689444444444443,0.062121249999999996,0.20095,0.0,-0.04131666666666667,0.14880000000000002
2022-01-10,0.12023107142857144,0.08441433333333333,0.22921222222222223,0.1962972857142857,0.22336666666666666,0.17659714285714284,0.148,0.31845,0.08858416666666666,0.4137375
2022-01-11,0.080425,0.13546,0.15405079365079363,0.13911833333333332,0.10112222222222222,0.09726499999999999,0.0,-0.1769666666666667,0.12842177777777777,0.148
2022-01-12,0.15800533333333333,0.11597333333333334,0.24929479166666665,0.2134860606060606,0.10244666666666666,0.3119604166666667,0.0,-0.06778125,0.16389199999999998,0.0
2022-01-13,0.199675,0.255645,0.14125766666666667,0.14315114285714287,0.11591100000000001,0.14868571428571428,0.27615,0.11333333333333334,0.2510680634920635,0.26381666666666664
2022-01-14,0.07138666666666667,0.016577499999999988,0.2126675,0.16231078754578757,0.20001000000000002,0.23939444444444447,0.20466666666666666,0.09100000000000001,0.20481952380952378,0.129225
2022-01-18,-0.10178539215686273,0.03418074358974359,0.21999,0.14044293810444874,0.20021233333333335,0.07333179487179486,0.018375555555555555,-0.0502375,0.18863357142857143,0.38975333333333334
2022-01-19,0.07942,0.064398,0.16293333333333332,0.16857999439775911,0.067786,0.18431428571428574,0.13952222222222221,0.3534083333333333,0.17619833333333332,0.17741666666666667
2022-01-20,0.47561919191919194,0.10373746031746034,0.13698020833333335,0.11554380952380953,0.03701533333333333,0.15189933333333333,0.143075,0.27708,0.2207572857142857,0.3859375
2022-01-21,0.25926666666666665,0.17196450980392158,0.05292375,0.30132523809523815,-0.07991866666666667,0.06025333333333334,0.15834166666666666,0.2862125,0.06158219696969697,0.20318
2022-01-24,0.13967666666666667,0.13829088888888888,0.055589166666666676,0.25531916666666665,0.006001944444444447,0.149028,0.13701999999999998,0.15633000000000002,0.15312506604506604,0.06109166666666666
2022-01-25,-0.018504166666666665,0.07974366666666666,0.1863225,0.2267682857142857,-0.04062083333333333,0.09391196078431371,0.1649375,0.35345000000000004,0.06585966666666666,0.3467854166666666
2022-01-26,0.3385020588235294,0.11771647058823528,0.18505361111111113,0.08993333333333334,0.10860892857142856,0.12890942028985508,0.033716666666666666,0.12040000000000001,0.12907050808840284,0.30034999999999995
2022-01-27,0.1643202380952381,0.01929738095238095,0.09007705128205128,0.23473507142857142,0.18564833333333336,0.21699875,0.130985,0.30445,0.17257932765151515,0.4126958333333333
2022-01-28,-0.142852,0.0005099999999999994,0.17621493055555557,0.11608113553113553,0.22992666666666667,0.16431508333333333,0.0,0.013487499999999986,0.19177990476190476,0.22712666666666664
2022-01-31,0.12515857142857142,0.13369066666666668,0.15662500000000001,0.05790333333333333,0.17177919047619047,0.15902041666666666,-0.05643333333333333,0.43821000000000004,0.10435633333333334,0.17562499999999998
2022-02-01,0.0371095238095238,-0.07751833333333333,0.1348026086956522,0.05595504761904761,0.07696427350427351,0.028563157894736846,0.28215555555555555,0.28595,0.16681092592592595,0.3771
2022-02-02,0.15535190476190475,-0.047228809523809506,0.177739,0.28418400000000005,0.037385714285714286,0.13661041666666668,0.11401666666666667,0.1490875,0.2291331802063185,0.2650666666666667
2022-02-03,0.15921333333333335,0.2271516666666667,0.14452555555555555,0.2207333333333333,0.12847333333333333,0.15667000000000003,-0.1468,0.148,0.21363669841269842,0.40759999999999996
2022-02-04,0.041148000000000004,0.08700666666666665,0.149955,0.10066071428571427,-0.09399333333333333,0.3951666666666667,0.085,0.0,0.05363194444444445,0.35894166666666666
2022-02-07,0.20775466666666667,0.10017372727272726,0.11768484126984127,-0.0002858333333333324,0.34219047619047616,0.269025,0.1591,0.0781125,0.08864738095238094,0.14033333333333334
2022-02-08,0.09980833333333335,0.17859430303030305,0.27243,0.15966466666666665,0.16426607142857141,0.06660277777777777,0.13517159090909092,0.14705000000000001,0.23051535714285715,0.26043333333333335
2022-02-09,0.238076,0.0805582380952381,0.19993333333333335,0.20102083333333334,0.2770666666666667,0.10115,0.20095,0.06493,0.16521384615384616,0.34496666666666664
2022-02-10,0.4891166666666667,0.16746095031055902,-0.02121785714285714,-0.004066666666666667,0.05270666666666666,0.043826,0.09273333333333333,0.22210000000000002,0.07350999999999999,0.251917
2022-02-11,-0.03634666666666666,-0.00838678571428572,0.19674,0.05312133333333333,0.37163,0.10661666666666667,0.38584999999999997,0.050575,0.04711833333333333,0.147532
2022-02-14,0.18856933333333334,0.12838353174603173,0.1635588888888889,-0.05537293650793651,-0.011488095238095238,-0.09982291666666666,0.17,0.4689875,0.07927958333333333,0.24826
2022-02-15,0.21437,0.19427805555555555,0.085094,0.16862933333333335,-0.0038958333333333345,0.1789277777777778,0.0,0.22130000000000002,0.15461150326797388,0.2973
2022-02-16,0.10115,0.16441666666666668,0.17630400000000002,0.04498333333333333,0.18039833333333333,0.06117857142857143,-0.0065333333333333354,0.4684333333333333,0.15930698039215685,0.15103333333333332
2022-02-17,0.21827285714285716,0.046046014492753626,0.09580125,-0.0497150909090909,0.10889285714285714,0.08167500000000001,0.05735,0.04166,0.12556173333333334,0.135155
2022-02-18,0.0,0.019185833333333336,0.0568175,0.05961333333333334,0.237085,-0.018545,-0.15641599999999997,-0.02965,0.19509266666666666,0.017075
2022-02-22,-0.10255952380952381,0.11076880952380955,0.06664125000000001,0.10446607142857144,0.10821238095238095,0.057178125,0.30972916666666667,0.1896525,0.14458807142857144,0.059753999999999995
2022-02-23,-0.164925,-0.010833333333333316,0.11934966666666666,-0.06469479166666667,0.1360875,-0.08688749999999999,0.1702,0.069055,0.22411666666666666,0.10137777777777779
2022-02-24,0.11671666666666668,0.018156666666666665,-0.055996333333333335,0.025797142857142852,0.2552083333333333,0.044595833333333335,0.019250000000000003,0.36355333333333334,0.13218666666666667,0.08639166666666667
2022-02-25,0.100475,0.05021666666666665,0.17775160256410255,-0.020963333333333334,0.009759999999999996,0.06372666666666667,0.0,0.09272083333333334,-0.045803571428571416,0.1591
2022-02-28,0.23994861111111115,0.18956305494505493,0.125393,0.0003115327380952375,0.15068055555555557,0.18222,0.0,0.3314166666666667,0.15711954545454546,0.2690722222222222
2022-03-01,0.05462499999999999,0.03949452380952381,0.1161541760651629,-0.12723738095238096,0.10758666666666668,0.1485591666666667,0.32313333333333333,0.050575,0.1823533333333333,0.28394166666666665
2022-03-02,0.21821,0.15954920634920636,0.2058017857142857,0.11041309523809523,0.08635,0.1255675,0.6268,0.06597,0.210705,0.0
2022-03-03,-0.039318,0.08782028571428571,0.1412524542124542,0.2733291666666666,0.006225000000000001,0.17265833333333333,0.0,0.21821875000000002,0.09600924242424243,0.148
2022-03-04,0.0348375,0.07359085714285715,0.09001625,0.11790833333333334,0.12006999999999998,0.2442566666666667,-0.0052249999999999935,0.42413333333333336,0.05196861904761905,0.19538333333333335
2022-03-07,0.06970416666666666,0.11876952380952381,0.03355037362637363,0.003468461538461535,0.20492166666666667,0.17577916666666668,0.056575,0.09067777777777779,0.026167761904761905,0.2643
2022-03-08,0.07745555555555554,0.17687952380952382,0.13247044444444445,0.08512499999999999,-0.085295,-0.0048099999999999974,0.168775,0.17,0.15661666666666668,0.05769999999999999
2022-03-09,0.10213000000000001,0.05571621428571429,0.15446500000000002,0.13881133333333331,0.05889,0.2571504761904762,0.09316666666666668,-0.05643333333333333,0.08637342857142857,0.035449999999999995
2022-03-10,0.09800833333333334,0.07393533333333333,0.09769528571428572,-0.015672857142857138,-0.03831111111111112,0.017079047619047615,0.17634999999999998,0.0425,0.304155076923077,0.062360000000000006
2022-03-11,0.06465833333333333,0.05894766666666666,0.14571305555555555,0.10621785714285713,0.1535975,0.11408,0.1735888888888889,0.2841,0.072292,0.5574
2022-03-14,0.1797654761904762,0.060792857142857135,0.20577533333333334,0.2779885714285714,0.22134583333333335,0.27364,0.125,0.12754000000000001,0.2650464444444444,0.07681666666666666
2022-03-15,0.1897825,0.14180444444444446,0.20984897619047618,0.004542666666666672,-0.082142,0.21066666666666667,0.2801,0.33696666666666664,0.13112296536796536,0.23775000000000002
2022-03-16,0.0683,0.10705499999999998,0.2007162012987013,0.19683714285714285,0.09095785714285715,0.03396031746031746,0.35372499999999996,0.32476666666666665,0.19446258116883114,0.15
2022-03-17,-0.11934166666666665,0.060697777777777795,0.19456944444444446,0.18139375000000002,0.042691111111111124,0.19182045454545454,0.08765,0.0,0.08339916666666666,0.07665
2022-03-18,0.28582,0.12086476190476189,0.07074333333333332,0.13341333333333333,0.19258888888888892,-0.0032264957264957115,0.08146250000000002,0.07003000000000001,0.1473853333333333,0.4215
2022-03-21,0.11884750000000001,0.32740433333333335,0.1088051948051948,0.05901466666666666,0.18445333333333333,-0.04572866666666666,0.16121666666666667,0.09498666666666666,0.14393933333333334,0.0866
2022-03-22,-0.17077777777777778,0.17805694444444445,0.1448099393939394,0.14959999999999998,-0.05572499999999998,-0.26350833333333334,0.21619999999999998,0.03855000000000001,0.13826933333333333,0.526
2022-03-23,0.1425625,0.13150937499999998,0.04383416666666667,0.37477916666666666,-0.014499999999999994,0.05998888888888889,0.0,0.4404,0.10655126515151517,0.2732
2022-03-24,0.16019375000000002,-0.04295523809523809,0.16928438461538464,0.018273392857142856,0.20134375,-0.059276190476190475,0.16592500000000002,0.06193333333333333,0.13371943123543123,0.2732
2022-03-25,-0.4215,0.11880416666666667,0.316451,0.20247199999999999,0.09155,0.24266249999999998,0.3138666666666667,0.16046666666666667,0.13006791666666667,0.06589999999999999
2022-03-28,0.12987666666666667,0.15206422619047616,0.2981633333333334,0.021341428571428574,-0.07836874999999999,0.21774166666666667,0.18076666666666666,0.09233333333333334,0.26842,0.37665333333333334
2022-03-29,0.06619166666666668,0.12989616666666665,0.2038190909090909,-0.02906166666666667,0.040900000000000006,0.110366,-0.06193333333333333,0.21713333333333332,0.09813940476190476,0.06812666666666667
2022-03-30,0.10206666666666668,0.1481047619047619,0.36841666666666667,0.0644,0.05119166666666667,0.3788722222222222,0.11333333333333334,0.3933166666666666,0.14768283333333335,0.5673333333333334
2022-03-31,0.181775,0.051818333333333334,0.01515666666666667,-0.0024208333333333404,0.14492500000000003,0.20839333333333335,0.39965,0.025412500000000005,0.14914007936507936,0.2969625
2022-04-01,0.05093333333333334,0.02364095238095238,0.26377799999999996,0.16332305555555554,0.3144625,-0.07234,0.31806666666666666,0.369025,0.12025776223776226,0.38966666666666666
2022-04-04,0.18476875,0.09714292016806722,0.1403056666666667,-0.0071642307692307665,0.07585700000000002,0.132935,-0.041916666666666665,0.13173125000000002,0.12147015037593985,0.1858
2022-04-05,-0.069578,0.08657761904761904,0.086984,0.189116,0.161048,0.025967619047619052,0.15108749999999999,0.1509,0.05065408653846154,0.27115
2022-04-06,0.021333333333333333,0.08840933333333334,0.20424375,0.10738124999999998,0.050575,0.1346275,0.24630000000000002,0.18878888888888887,0.1552212857142857,0.38558333333333333
2022-04-07,0.04807291666666667,0.014387444444444447,0.2496225,0.06855766666666667,0.0972875,0.06450357142857142,0.148,0.08236,0.2936221428571429,0.17498888888888886
2022-04-08,0.0839,0.14961166666666664,0.2863060714285714,0.03279450980392156,0.358438,0.185025,0.02965,0.09866666666666667,0.3747026666666667,0.17498888888888886
2022-04-11,0.08110294117647059,0.1557569285714286,0.34190729166666667,0.004413142857142854,0.09281966666666666,0.02846527777777778,0.44565,0.03312916666666667,0.22187470979020976,0.2553
2022-04-12,0.369947619047619,0.09016190476190478,0.18135844444444443,0.06544693181818183,0.09319999999999999,0.08248833333333333,0.19122625,0.28442,0.12285428571428572,0.284875
2022-04-13,0.23527708333333336,0.006422,0.22979993055555556,0.16593588888888888,0.052836666666666664,0.018233333333333334,0.35048958333333335,0.038125000000000006,0.11038833333333334,0.4588
2022-04-14,-0.07343,0.12008071428571428,0.28245000000000003,0.22871000000000002,0.08461678571428571,0.1097,0.162895,0.31415,0.027951666666666663,0.22555
2022-04-18,0.035902857142857146,0.180084,0.25916805555555555,0.2701242857142857,0.05619444444444444,0.154825,0.12001500000000001,0.08480833333333333,0.09197,0.29
2022-04-19,-0.03867466666666666,0.10732969047619045,0.23760799999999999,0.24549009523809523,0.03595171428571429,0.121535,0.06429999999999998,0.02545200000000001,0.17060755555555557,0.2612666666666667
2022-04-20,0.2151722222222222,0.006160333333333336,0.2906,0.06109,0.3033625,0.195994,0.11568555555555556,-0.08247499999999999,0.2119325,0.0129
2022-04-21,0.2068496052631579,0.14994066666666667,0.21232416666666665,-0.10742666666666667,0.14435666666666666,0.2278,0.0747848888888889,0.004085000000000005,0.06364480952380952,0.16754333333333332
2022-04-22,0.0841345238095238,0.15205190476190475,0.20389866666666667,0.19675533333333334,0.21985000000000005,-0.08736000000000001,0.06583611111111111,0.10115,0.07710666666666667,0.13824533333333333
2022-04-25,0.11499,0.0796453,0.1314617950937951,0.16571833333333336,0.30845599999999995,0.16140285714285713,0.23255083333333335,0.13704666666666668,0.1535740238095238,0.25761875
2022-04-26,0.35237583333333333,0.10069999999999998,0.1424837797619048,0.13687266666666667,-0.02808464285714286,0.001329519480519481,0.16794375,0.0,0.135942,0.3597
2022-04-27,0.1158669642857143,0.05156588888888889,0.2804457777777778,0.025794722222222233,0.10430999999999999,0.04322454545454545,0.0,0.11494583333333333,0.16392444444444446,0.03718888888888889
2022-04-28,0.10617666666666667,0.17950333333333335,0.2592559523809524,0.045157619047619044,0.14531295238095238,0.0793592857142857,0.0461111111111111,0.32335,0.08621178977272727,0.252505
2022-04-29,0.14992624999999998,0.08041375324675325,-0.011402518518518515,0.26130000000000003,0.11727366666666668,0.21955733333333333,0.0,0.17865,0.018126147186147183,0.3003777777777778
2022-05-02,0.121806,0.11714738095238095,0.1836975,0.1305875,0.24471500000000002,0.06344066666666666,0.0,0.24766666666666667,0.04577086580086581,0.19405777777777777
2022-05-03,-0.02558333333333333,0.140944,0.21746866666666667,0.21465666666666666,0.1147,0.30814166666666665,-0.028688888888888882,0.16156666666666666,0.013796666666666669,0.3803066666666667
2022-05-04,-0.013600000000000001,0.07687536231884058,0.13006666666666666,0.0,0.165275,0.11836666666666666,0.16625,0.03200833333333334,-0.019085657051282047,0.21099047619047617
2022-05-05,-0.014258333333333324,-0.09383695238095237,0.33487119047619046,0.127162,0.22524000000000002,0.031133333333333336,0.31235,0.06193333333333333,0.27581316666666666,0.14276666666666665
2022-05-06,0.2340806666666667,0.03481457142857143,0.16832407142857142,-0.114455,0.00702083333333333,0.1623333333333333,0.0785,0.08831111111111112,0.07282428571428572,0.0699375
2022-05-09,-0.0436175,0.12882402597402595,0.16980521645021646,0.031316666666666666,0.16424999999999998,0.1487765,0.0,0.13553,0.08795367521367523,0.13328541666666666
2022-05-10,0.01224107142857142,0.10943611111111111,0.15994857142857144,0.17886145833333333,0.14197200000000001,0.05308958333333333,0.302375,0.13571000000000003,0.20814871794871795,0.0
2022-05-11,0.08111,-0.0012090000000000046,0.330575,0.08363833333333333,0.026530000000000015,0.0881952380952381,0.0,0.016483333333333332,0.10732678571428571,0.17556666666666665
2022-05-12,-0.060969999999999996,0.04628303921568627,0.09449261904761905,0.11983541666666667,-0.005173333333333319,0.14164166666666667,0.3370083333333333,0.31751111111111113,0.05088595238095237,0.007808333333333338
2022-05-13,0.1823,0.054257619047619055,0.09525388888888889,0.11499199999999998,-0.0188375,0.058140833333333336,0.159225,0.17701250000000002,0.1174639393939394,0.331775
2022-05-16,0.07973333333333334,0.005576083333333337,0.10192826617826618,0.004614285714285712,0.039771666666666664,0.137495,0.0903,0.12654583333333333,0.017866,0.2732
2022-05-17,0.009181333333333333,0.0930767156862745,0.13509628787878786,0.017322333333333346,-0.036021875,0.11529199999999999,0.07361458333333333,0.3404375,0.1721294871794872,0.31206
2022-05-18,-0.021075,0.0072266129032258096,0.10860420512820512,0.10264333333333335,0.17670999999999998,-0.0007816666666666666,0.296,-0.06143333333333333,0.269345,0.0
2022-05-19,0.07331666666666668,0.14544214285714288,0.211835,0.14355400000000001,0.11850625000000001,0.3299611111111111,0.2174111111111111,0.03650625,0.1756565340909091,0.276575
2022-05-20,0.16309,0.14144785714285713,0.2707125,0.28287083333333335,-0.058963333333333326,0.1420435185185185,0.19425,0.07935999999999999,0.2888258333333333,0.06638055555555555
2022-05-23,-0.007769999999999999,0.06179718322981367,0.13299466666666668,-0.1393876666666667,0.18671,0.16016458333333333,0.281725,0.098474,0.18358113283208022,0.1938625
2022-05-24,0.09552799999999999,0.18448241666666668,0.17310244444444445,0.40987999999999997,0.01715500000000001,0.42611333333333334,-0.14200000000000002,0.32005,0.30714,0.21023750000000002
2022-05-25,0.20104285714285713,0.023897904761904763,0.19254166666666667,0.07875555555555555,-0.12983125,0.2593816666666667,0.1618777777777778,0.256675,0.038730808080808074,0.18213333333333334
2022-05-26,0.21776,0.0805545,0.19221349999999998,0.177105,0.20277809523809526,0.07302916666666667,0.044556250000000006,0.14705000000000001,0.26799964912280705,0.16945
2022-05-27,0.09177916666666666,0.117807,0.25107380952380953,0.11309,-0.03215624999999999,0.12723666666666666,-0.1858,0.2450625,-0.004910000000000003,0.3818
2022-05-31,0.26828222222222226,0.12662377777777778,0.22741289377289378,0.06108333333333334,0.35723333333333335,0.372985,0.12128333333333334,0.158525,0.2941422222222222,0.21101166666666665
2022-06-01,0.3498,-0.0023066666666666734,0.23919833333333332,0.10943125,0.07180208333333334,0.238698,0.098875,0.23835,0.1893076388888889,0.4337125
2022-06-02,-0.14857000000000004,0.1922006666666667,0.339922,-0.006725000000000009,-0.16962000000000002,0.048078333333333334,0.0086,0.1390875,0.10932380952380952,0.5295
2022-06-03,0.05561083333333334,0.03630208333333333,0.2396586666666667,-0.040025000000000005,0.06581666666666668,0.14037777777777777,0.10115,0.2366625,0.11425733333333335,0.18145
2022-06-06,0.009626666666666683,0.15440583333333333,0.18590604395604396,0.26260833333333333,0.09547209523809526,0.021065000000000007,0.07341249999999999,0.07598666666666666,0.06840833333333333,0.1417111111111111
2022-06-07,0.25353749999999997,0.20844541666666666,0.125369,0.16699333333333333,0.3433583333333333,0.32036000000000003,0.03877499999999999,0.04432666666666667,0.10844533333333332,0.20395
2022-06-08,0.31982,0.1842892857142857,0.194614126984127,0.058600000000000006,0.34175,0.0043875000000000025,0.123475,0.25873999999999997,0.09099093750000001,0.3246666666666667
2022-06-09,0.08032133333333333,-0.0023312857142857137,0.16199000000000002,-0.04294444444444445,0.016858333333333333,0.26386729166666667,0.029024999999999995,0.34418333333333334,0.062881,0.10734666666666666
2022-06-10,-0.031369999999999995,0.07040472727272726,0.15997466666666665,0.09077333333333333,-0.01185583333333334,0.06280833333333334,-0.1589,0.16952499999999998,0.12876416666666668,0.29088749999999997
2022-06-13,0.09076999999999999,0.11722030303030304,0.1565974116161616,0.14543433333333333,0.2716294642857143,-0.012836666666666668,0.08344999999999998,0.114735,0.11513053174603174,0.12519
2022-06-14,0.269809375,0.06599375,0.214009375,-0.09208476190476192,-0.030830000000000003,0.18406466666666668,0.1618,0.08678999999999999,0.16499714285714284,0.1557166666666667
2022-06-15,0.040440000000000004,-0.086955,0.2154575,0.058606666666666675,0.10563900000000001,0.17115181818181818,0.23921,-0.03735,0.33301,0.0
2022-06-16,0.022036666666666666,0.08867222222222224,0.09593,-0.012661666666666668,0.30465,0.082386,0.23892000000000002,0.1064875,0.11801705627705628,0.03946000000000001
2022-06-17,0.1711825,0.141745,0.23456533333333335,0.08931000000000001,0.26004166666666667,0.23881666666666665,0.040562500000000015,0.38482333333333335,0.16235333333333335,0.1525
2022-06-21,0.11949285714285714,0.05331871212121213,0.06591158088235294,-0.029644666666666663,0.3148949404761905,0.21020833333333333,0.10650000000000001,0.28150416666666667,0.15166598717948718,0.17663333333333334
2022-06-22,0.137575,0.15525018181818181,0.05589444444444445,0.17926666666666669,0.018083333333333333,-0.030042777777777797,0.09828888888888888,0.38398333333333334,0.18884190476190477,0.3825033333333333
2022-06-23,0.05418222222222222,0.15964664285714286,0.13138805555555555,-0.007846999999999998,-0.09467933333333332,0.130004,0.1475433333333333,0.25239999999999996,0.18417666666666666,0.255
2022-06-24,-0.03716,0.037408333333333335,-0.08981416666666667,0.2846703333333333,0.37880714285714284,0.0053888888888888875,0.148,-0.09541666666666666,-0.009807999999999994,0.1591
2022-06-27,0.12203750000000001,0.13245305882352942,0.10657933333333333,0.04098233333333335,0.2411617857142857,0.18243071428571428,0.43829333333333337,0.08831,0.22566752380952382,0.14325000000000002
2022-06-28,0.1445875,0.131524350877193,0.269013081232493,0.14524479166666665,-0.049111111111111105,0.006088571428571429,0.4088333333333334,0.0913,0.07973964285714286,0.19215416666666668
2022-06-29,0.013112499999999997,0.032220597402597397,0.25466285714285714,0.06903541666666667,0.42939642857142857,0.17022666666666667,0.085,0.1771625,0.18369444444444444,0.19032499999999997
2022-06-30,0.1959216666666667,0.20892798534798535,-0.04983449999999999,0.1354057142857143,0.07456666666666667,0.32361666666666666,0.110675,0.085,0.13109644444444443,0.14246
2022-07-01,0.39085000000000003,0.0776611607142857,0.22599,0.06777,0.05229625,0.08596666666666668,0.20095,0.09706,0.17648452380952379,-0.055299999999999995
2022-07-05,0.16741666666666666,0.11448252136752135,0.0746465034965035,0.1277847619047619,0.13635250000000002,0.20935624999999997,0.23564583333333333,0.21361666666666668,0.1692715277777778,0.28553333333333336
2022-07-06,-0.18056388888888888,0.13134133333333337,0.32752042857142855,0.034421999999999994,0.10047000000000002,0.153915,0.23322500000000002,0.011475000000000006,0.131968,0.4032
2022-07-07,0.0,0.010063333333333337,0.26227666666666666,0.18813266666666667,-0.020534821428571423,0.0772725,-0.05039999999999999,0.11005833333333334,0.06432939682539682,0.44795
2022-07-08,0.07390833333333334,-0.0723725,0.15276250000000002,0.02326333333333334,0.34698,0.10615000000000001,0.164925,0.2759333333333333,0.11547066666666668,0.16378333333333334
2022-07-11,0.18240933333333334,0.09311000000000001,0.04410358974358975,0.1806987728937729,0.038387142857142856,0.1765625,-0.018499999999999996,0.29322,0.2371707142857143,0.167625
2022-07-12,0.16039333333333333,0.1937422077922078,0.23591047619047617,0.01926761904761906,0.013692619047619047,0.08079499999999999,0.0,-0.00645,0.20562857142857144,0.167625
2022-07-13,-0.07145000000000001,0.16275714285714288,0.1778783333333333,-0.020761923076923077,0.1998071428571429,0.18887666666666666,0.09145,0.23718333333333333,0.01983603174603175,0.13396666666666665
2022-07-14,0.06961666666666667,0.176815,0.18075333333333335,-0.08392651785714286,-0.1913225,0.1895033333333333,0.10839583333333333,0.1107,0.13545357142857145,0.10898333333333333
2022-07-15,-0.12386666666666667,0.07299954545454546,0.29759833333333335,0.06426400000000002,0.0704925,-0.02206666666666666,-0.4215,-0.2455525,0.1652735714285714,0.29412
2022-07-18,0.06588080357142856,0.15332957142857143,0.26950738095238097,0.13167296638655462,0.100544,0.17543166666666665,0.19125,0.12735312499999998,0.23860985714285712,0.21922533333333333
2022-07-19,0.2507375,0.10140542857142856,0.3516066666666667,0.17654533333333333,0.07644976190476191,0.15259999999999999,0.092775,-0.10491666666666666,0.040014,0.24207916666666668
2022-07-20,-0.0027041666666666637,0.02234785714285715,0.21030214285714285,0.05167000000000001,0.2863949090909091,0.13943571428571427,0.06422916666666667,0.33648,0.13325464285714286,0.105075
2022-07-21,0.16698466666666667,0.04345619047619048,0.16456099999999999,0.20520624999999998,-0.056520833333333326,-0.012761111111111117,0.08726785714285715,0.2966,0.19003333333333333,0.10825
2022-07-22,0.09950333333333333,0.15202833333333335,0.28748363636363633,0.057536666666666667,0.278042,0.0429,-0.016783333333333334,0.44436666666666663,0.20978,0.278395
2022-07-25,-0.022425,0.10223982051282052,0.3929112958152958,0.128082,0.060343999999999995,0.04014285714285714,0.13050686274509804,0.21288,0.08474468181818182,0.18688333333333332
2022-07-26,0.0,0.042636231884057976,0.083985,0.05053888888888889,0.15696333333333334,0.17593062996031744,-0.039775,0.1748,0.023094444444444442,0.21960800000000003
2022-07-27,0.07418333333333332,0.07174142156862745,0.1512475238095238,0.222545,0.08200716666666667,0.0,0.21319999999999997,0.28168266666666664,0.137515974025974,0.23268
2022-07-28,0.10376481481481481,0.0817071111111111,0.18719948484848487,-0.01681733333333333,0.173732,0.09683174603174605,0.34105,0.1577625,0.05440102272727272,0.32964952380952384
2022-07-29,0.1719,0.14586000000000002,0.3530205769230769,0.05444,0.18658166666666665,0.20095,0.0,0.26866,0.25190295321637424,0.3281366666666667
2022-08-01,0.09577708333333333,0.12408014285714286,0.16736202525252525,0.18658000000000002,0.153548,0.21866125,0.0,0.2648625,0.26022472222222226,0.1512
2022-08-02,0.073828125,0.04858111111111113,0.17494241071428573,0.07707625000000001,0.17955000000000002,-0.0024038461538461522,0.11796333333333332,0.1672625,-0.01636119047619049,0.14773750000000002
2022-08-03,0.06382999999999998,0.11486442099567098,0.2923988449197861,0.10564375000000001,0.27577166666666664,0.1887333333333333,0.17596666666666663,0.012487499999999995,0.18447678571428575,0.222104
2022-08-04,0.11860416666666665,0.07668541666666667,0.22497738095238096,0.0661025,-0.009780000000000007,0.0,0.04609,0.2898,0.06415416666666666,0.2531638095238095
2022-08-05,0.20050416666666665,-0.004574999999999996,0.29510749999999997,0.18166111111111113,0.21586041666666667,0.05940833333333334,0.23835,0.2974666666666667,0.1328666666666667,0.17774583333333333
2022-08-08,-0.153324,0.1057504761904762,0.18016904761904762,0.13997142857142858,-0.04067333333333334,0.2979866666666667,0.4144,0.1282,0.13633685185185185,0.23659916666666667
2022-08-09,0.12913750000000002,0.08117031746031744,0.09937100529100529,0.20030000000000003,0.02231111111111111,0.033325,0.0,0.29035,0.06894461538461538,0.13548
2022-08-10,0.177094,0.11505621212121211,0.17559466666666665,0.32931125,0.14010000000000003,0.10863611111111111,0.20095,0.30116666666666664,0.07090450793650793,0.2802733333333333
2022-08-11,0.06404166666666668,0.09708555555555556,0.195432,-0.03501874999999999,-0.049159999999999995,0.05873333333333333,0.20095,0.3131,0.09468155844155844,-0.022133333333333345
2022-08-12,0.11583333333333334,0.22963085714285714,0.1958025,0.2482225,-0.0065133333333333284,0.27624444444444446,0.20095,0.022575,0.282971,0.4136
2022-08-15,0.08424833333333334,0.06698230303030303,0.14998723232323236,0.10908333333333334,0.023938888888888888,0.33145,0.09038333333333333,-0.037562500000000026,0.1740564761904762,0.2270625
2022-08-16,0.12108055555555557,0.1275339285714286,0.20445,0.033716666666666666,0.08214583333333333,-0.15630000000000002,0.04515,0.03276666666666669,0.19092666666666666,0.13069375
2022-08-17,-0.061241666666666666,0.051431835748792266,0.36339583333333336,0.07847500000000002,0.03181666666666667,0.02928333333333334,0.1101,0.21993125,0.04611111111111112,0.3844
2022-08-18,0.005662499999999999,0.04851533333333334,-0.03129066666666665,0.20482266666666665,0.05664400000000001,0.042925000000000005,0.0282875,0.05135,0.12077200000000002,0.32965
2022-08-19,-0.23604375,0.03893066666666667,0.2024811111111111,0.040983333333333344,-0.028240000000000008,0.06363333333333333,0.0282875,0.3654,0.16227,0.09446666666666666
2022-08-22,0.21372,0.16188533333333335,0.20543377777777777,0.038395,0.22999,0.2060297619047619,0.0677875,0.3158175,0.27290961904761907,0.3041916666666667
2022-08-23,0.2336083333333333,0.07946685714285714,0.13936444444444446,0.34690666666666664,0.16712,0.18076666666666666,0.011066666666666667,0.06698333333333333,0.214289,0.050875000000000004
2022-08-24,0.13018666666666664,-0.04626866666666666,0.013411333333333334,0.05707333333333333,0.13091875,0.132375,0.0,0.18341000000000002,0.14824991596638654,0.388975
2022-08-25,-0.022736111111111113,0.15119,0.12716035714285714,0.017446,0.11976547619047621,0.1988,0.003225,0.3343625,0.17934416666666664,0.24612
2022-08-26,-0.10375083333333335,-0.008466190476190471,0.18422555555555556,0.10895208333333332,0.19003333333333333,-0.05973888888888889,0.09621666666666667,0.35150000000000003,0.1860875238095238,0.2049
2022-08-29,0.157895,0.12224952380952382,0.22977718253968255,0.09358125,0.2640533333333333,0.009734999999999999,0.0030166666666666584,0.08582291666666667,0.120215,0.360375
2022-08-30,-0.26335,0.14592999999999998,0.09114714285714286,-0.0204625,0.040912500000000004,0.17825625,0.03796666666666667,0.27115,0.11686649999999998,0.04425
2022-08-31,0.15776333333333334,0.0524675,0.24336318181818184,0.061616666666666674,-0.20458499999999996,0.19134444444444443,0.0086,0.22335,0.09135833333333333,0.22106666666666666
2022-09-01,0.04765833333333333,0.168611,0.140457,0.277945,0.11460166666666667,0.22688125,0.21487499999999998,0.34,0.0069469537815126155,0.11444000000000001
2022-09-02,0.159225,0.055982,0.19202833333333333,0.11016466666666666,0.19096666666666667,0.11890833333333334,0.2288,0.08510000000000001,0.24163571428571426,0.1264111111111111
2022-09-06,0.1695125,0.19115,0.12616375000000002,0.05085833333333334,0.250765,0.23642416666666666,0.0,0.3640125,0.10662194444444444,0.2709875
2022-09-07,0.08758690476190478,0.1686029017857143,0.19574,0.00998,0.06522333333333333,0.108,0.06632500000000001,0.06333333333333332,0.175865,0.19389
2022-09-08,0.22346476190476192,0.28487,0.27588999999999997,0.28124000000000005,0.15446533333333334,0.006420833333333348,0.2354875,0.39463333333333334,0.02906000000000001,0.15284333333333336
2022-09-09,-0.028329999999999987,0.21640916666666668,0.048162666666666666,0.32452,-0.008273333333333322,0.020516666666666673,0.26335,0.5379,0.14664866666666668,0.3106875
2022-09-12,0.05897738095238095,0.19075216666666667,0.185109375,0.019714999999999996,0.292113,0.1297275,-0.06761249999999999,0.29308055555555557,0.02622535714285714,0.23996666666666666
2022-09-13,-0.003238333333333329,0.16417266666666666,0.2582074761904762,0.1583375,0.05998666666666667,0.31264375,0.128,0.1181375,0.025618333333333333,0.0086
2022-09-14,0.09342500000000001,0.19535309523809524,0.094821875,-0.008446666666666658,-0.028837500000000002,0.10716875000000001,0.18231111111111112,0.21225000000000002,0.10920083333333333,0.3314666666666667
2022-09-15,0.123055,0.13659761904761905,0.2785557936507937,0.2845589285714286,-0.008235000000000003,0.1339625,0.03384444444444445,0.316625,-0.004964826086956521,0.29800166666666666
2022-09-16,0.16871944444444445,0.13598533333333335,0.495585,0.09954800000000001,0.1149725,0.2001941176470588,0.0,0.2793325,0.055587714285714296,0.3941733333333334
2022-09-19,0.046237045454545454,0.31008199999999997,0.09387814285714287,0.09777333333333334,0.015823809523809525,0.24406746031746032,-0.10345,0.25734666666666667,0.09093066666666666,0.22746
2022-09-20,0.09224375000000001,0.027582857142857138,0.22261999999999998,0.010870416666666674,0.03146785714285716,0.13586666666666666,-0.10345,0.22997083333333335,0.08809869047619048,0.0851
2022-09-21,0.14043199999999997,0.14027777777777778,0.30465625,0.027795000000000004,-0.08621999999999999,0.07903333333333333,0.0425,0.18767916666666667,0.03368628205128205,0.5248
2022-09-22,0.07033500000000001,0.20557028571428573,0.13821666666666665,-0.043146666666666667,0.16976666666666668,-0.018159166666666657,0.21305833333333332,0.03993000000000001,0.1434662857142857,0.14293958333333334
2022-09-23,0.16743999999999998,-0.015931333333333336,-0.07019312500000001,0.09322666666666665,0.1109,0.09150000000000001,0.17688333333333334,0.07544444444444445,0.04333228571428572,0.19818333333333335
2022-09-26,0.10272333333333335,0.2171040476190476,0.010235416666666684,0.18393866666666664,0.015480000000000002,0.033068750000000015,0.16513333333333335,0.07312142857142859,0.10395726190476189,0.57756
2022-09-27,0.20731875,0.064105,-0.05295714285714286,0.0449426388888889,0.16542166666666666,0.054675,0.0,0.31421666666666664,0.17576695238095238,0.12478333333333334
2022-09-28,0.14258071428571428,0.060516190476190466,0.24705624999999998,0.1543355555555556,0.14720499999999997,0.017911111111111124,-0.016783333333333327,-0.08837916666666666,0.013649792207792211,-0.04951666666666665
2022-09-29,0.06645416666666668,0.12707857142857143,0.1811775,0.11554944444444444,0.20082499999999998,0.0572,0.0,0.0,0.0904715,0.3818
2022-09-30,0.025491666666666666,0.1995710606060606,0.28570873015873016,0.32136666666666663,0.15293333333333334,0.1468,0.0,0.40345000000000003,-0.17960333333333336,0.0593
2022-10-03,0.24489099999999997,0.13191090476190476,0.11136653846153846,0.3124325,0.04760000000000001,0.2319,0.11808333333333333,0.386425,0.30926488095238097,0.08222499999999999
2022-10-04,0.15972,-0.011256666666666665,0.25226875,0.34417589285714284,0.007169999999999998,0.0456625,0.3825,0.33353,0.28053484848484855,0.11873124999999998
2022-10-05,0.313,0.05573066666666667,0.22932222222222226,0.15582916666666666,0.09908888888888889,0.3094222222222222,0.09316666666666668,0.27059999999999995,0.14849427777777777,0.22012
2022-10-06,0.12241875,0.17147222222222222,0.158341,0.16279809523809524,-0.37960000000000005,0.15805,-0.1909,0.0,-0.1143125,0.1245375
2022-10-07,0.15904444444444446,0.011799999999999998,0.26992971428571433,0.034820000000000004,0.09895,-0.04335625,0.11624999999999999,0.05740624999999999,0.050348437001594894,0.36124333333333325
2022-10-10,0.0,0.14443785714285715,0.13325833333333334,0.07047199999999999,0.326336,0.252775,0.20315000000000003,0.10796999999999998,0.07669666666666666,0.45730000000000004
2022-10-11,0.1482511111111111,0.26193333333333335,0.19424666666666668,-0.196765,0.237819,0.2917666666666667,0.0,-0.013233333333333338,0.007375,0.2722333333333333
2022-10-12,0.13851,0.2012969047619048,0.24792038461538463,0.06719,0.12269895833333333,0.4334,0.34,0.156225,-0.029268888888888872,0.022766666666666668
2022-10-13,-0.14465625,0.022599999999999988,0.10111555555555556,0.048717333333333335,-0.23704999999999998,0.1443375,0.0502375,0.0,0.021569285714285714,0.1366
2022-10-14,0.07646666666666667,-0.031166666666666676,0.11390866666666666,0.1652056091954023,0.17491333333333334,0.16516666666666666,0.0,-0.020899999999999974,0.05567999999999999,0.25333333333333335
2022-10-17,0.27431,0.09302980952380953,0.07120083333333334,0.19772275,0.120345,-0.0929,-0.13074999999999998,0.06738500000000003,0.061792,-0.09354
2022-10-18,0.17806000000000002,0.0854095238095238,0.040731250000000004,0.05316965517241381,0.01213000000000002,0.12980624999999998,0.11086666666666667,0.016858333333333333,0.11985799999999999,0.4255
2022-10-19,-0.07231666666666665,0.174077,0.196954,0.09778333333333333,0.06437857142857142,0.024599999999999983,0.0,0.13215416666666668,-0.07953666666666667,-0.0050416666666666665
2022-10-20,-0.00946666666666667,0.19094766666666668,0.130947,0.04755416666666667,0.04095133333333333,0.21359166666666668,0.06565,0.23918333333333333,0.20392000000000002,0.12504666666666667
2022-10-21,0.12688194444444445,0.05063333333333333,0.1287906984126984,-0.005623333333333334,0.13446399999999997,0.25155,0.46982500000000005,0.300555,0.026856,0.164065
2022-10-24,0.17010625,0.170742,0.09525255555555556,-0.10289166666666669,0.05149,0.13739722222222223,0.14435833333333334,0.25793,-0.0023473809523809524,0.22193999999999997
2022-10-25,0.11217999999999999,0.09536666666666667,0.14431000000000002,0.19743416666666666,0.049883333333333335,0.06376742979242979,0.1926777777777778,0.13740000000000002,-0.02600249999999999,0.21676666666666666
2022-10-26,0.02545,0.06580916666666667,0.08196333333333333,0.15716363636363637,0.11998611111111111,0.033743333333333334,0.2294,0.14323750000000002,0.27627999999999997,0.19904166666666667
2022-10-27,0.2868691666666667,0.07356416666666668,0.09383981818181819,0.19349266666666667,0.24031314935064935,0.3044958333333333,0.13396666666666665,0.001100000000000001,0.023605777777777778,-0.0012191666666666462
2022-10-28,0.13506428571428572,0.06940133333333333,0.23431155555555555,0.08419000000000001,0.07429888888888889,0.19216249999999999,0.0,0.0,0.14786780303030303,0.19803333333333334
2022-10-31,0.386305,0.06973016666666668,0.19004716666666668,0.19038,0.15293333333333334,0.23869444444444446,0.0,0.19326714285714286,0.13955349999999997,0.4454666666666666
2022-11-01,0.14109687499999998,0.05618500000000002,0.10439090909090909,0.04752916666666668,0.37034333333333336,0.5056666666666666,-0.11585000000000001,0.30977916666666666,0.09611066666666668,0.5911500000000001
2022-11-02,0.0271375,0.28186633333333333,0.29509780952380954,0.16895833333333335,-0.05974999999999999,0.1909,-0.18943333333333334,0.13984555555555556,0.09139866666666666,0.3090625
2022-11-03,0.07632000000000001,0.034055,0.3215766666666667,0.01873333333333333,-0.1698675,0.02967333333333333,0.09526666666666665,0.13701666666666668,0.03472023809523809,0.23696666666666666
2022-11-04,0.017556249999999995,-0.004798823529411761,0.057296666666666676,0.13373333333333332,0.24464333333333332,0.1975,0.09526666666666665,-0.25,0.0695,0.315615
2022-11-07,-0.11728666666666665,0.09047816666666667,0.08829581818181818,0.10166666666666666,0.022810000000000007,0.0,0.0,0.102075,0.15052076190476188,0.004706666666666667
2022-11-08,0.08989423076923077,0.03257133333333333,0.12141979166666667,0.06197777777777778,-0.01991155555555555,0.06558749999999999,0.04788928571428572,0.3119,0.11015095238095238,0.1897333333333333
2022-11-09,-0.0047416666666666675,0.048403125000000005,-0.029199999999999997,0.17273333333333335,0.13320666666666667,0.14049999999999999,0.0,0.10115,0.057275000000000006,0.1533
2022-11-10,0.04046,-0.01086095238095237,0.09074266666666667,0.0256,0.27591,0.09230000000000001,0.0,0.1029375,0.093116,0.395275
2022-11-11,0.0,0.238754,0.15249057142857142,0.10765333333333334,0.3767444444444445,0.3236833333333333,0.19125,0.5327999999999999,0.1400242857142857,0.11735999999999999
2022-11-14,0.352572619047619,0.17136060606060605,0.2351682167832168,0.17190666666666665,0.17527,-0.02958750000000001,0.11000000000000003,0.34308888888888883,0.08883492063492063,0.060309999999999996
2022-11-15,-0.077225,0.06880066666666666,0.3543228571428571,0.087875,0.20067000000000004,0.13238333333333333,0.28788749999999996,0.4939,0.13655250000000002,0.2755
2022-11-16,0.2467555555555556,0.06151133333333334,0.293706,0.04361333333333333,0.16213333333333335,0.111025,0.28788749999999996,0.27128888888888886,0.02696616666666667,0.2215875
2022-11-17,-0.012758333333333335,0.3145645,0.05206291666666667,0.213385,0.013486666666666666,0.15380833333333332,0.7096,0.27128888888888886,0.07870466666666667,0.2215875
2022-11-18,0.0,-0.04664,0.07073000000000002,0.17672500000000002,0.08378333333333333,-0.042666666666666665,0.25533333333333336,-0.13486666666666666,0.31803125,0.07875
2022-11-21,0.2596625,0.31640170370370374,0.1497365,0.13250107142857143,0.25078055555555556,0.10607777777777778,0.12416666666666669,0.20171666666666666,0.176582,0.1147375
2022-11-22,0.5175666666666666,0.00923666666666666,-0.09503166666666667,0.241095,0.14439519047619048,0.18368416666666665,0.0,-0.41169999999999995,0.004435,0.0
2022-11-23,0.00645,0.3301688492063492,0.24129490476190477,0.06633333333333334,0.12200089285714286,0.0,0.148,0.22020000000000003,0.21851875,0.24009999999999998
2022-11-25,0.44874166666666665,0.18268244047619048,0.21078200000000002,0.18595733333333334,0.12760392857142858,0.0,0.0,0.3744666666666667,-0.003799999999999989,0.217675
2022-11-28,0.3620833333333333,0.0872681043956044,0.013502250000000004,0.07735833333333332,0.22992285714285715,0.0073824999999999984,0.2023,0.47812499999999997,0.11919784615384617,0.2553
2022-11-29,0.27205555555555555,0.1603277777777778,0.04276863636363636,0.44982777777777777,0.19279,0.14984999999999998,0.0,0.47812499999999997,-0.06508533333333333,0.17276666666666665
2022-11-30,0.07626666666666666,0.18433,0.23720857142857144,-0.03586666666666667,0.21082900000000002,0.179525,0.22732000000000002,0.14885,-0.03704333333333334,0.16963333333333333
2022-12-01,0.10304666666666666,0.21908523809523808,0.20941666666666667,-0.04132566666666666,0.13513666666666668,0.2927666666666667,0.09205833333333333,0.261275,0.19348100000000001,0.24657500000000002
2022-12-02,0.25708000000000003,0.19033238636363636,0.4195625,0.1593775,-0.09792999999999999,-0.061720000000000004,-0.17,0.1661,0.11544190476190477,0.42545
2022-12-05,0.08830857142857143,0.08418501587301588,0.17767648809523812,0.203775,0.108255,0.08985208333333333,0.0,0.31845,0.09442928571428572,0.20786875
2022-12-06,0.149445,0.11515,0.2861343333333334,-0.09375575757575756,0.019797000000000002,-0.25024444444444444,0.18416666666666667,0.25445,0.006490666666666675,-0.038275
2022-12-07,0.044425000000000006,0.14067833333333332,0.08345619047619048,-0.01964222222222222,-0.09834345238095236,0.2294,0.18416666666666667,0.33755,0.23375685714285716,0.3615333333333333
2022-12-08,0.10396666666666667,0.1542426666666667,0.22983543589743588,0.1293,0.035644999999999996,0.1554875,0.17,0.0,0.097485,-0.11315
2022-12-09,-0.15739999999999998,0.30313500000000004,0.08636095238095237,0.0,0.11514583333333335,0.18409999999999999,0.159225,0.39794999999999997,0.13170625000000002,0.09625833333333333
2022-12-12,0.06526666666666667,0.2137575,0.2683230952380952,0.09536022222222222,0.03353047619047619,-0.04855555555555555,-0.1858,0.06743333333333333,0.1574504761904762,0.300475
2022-12-13,-0.21001333333333336,0.1117970238095238,0.149775,0.16308333333333336,0.12288495238095239,0.27447083333333333,0.231275,0.20095,0.17273918650793652,0.22385
2022-12-14,0.20710555555555554,0.11981354166666666,-0.048950666666666656,-0.05119500000000003,0.1996666666666667,0.312325,0.06363333333333333,0.05666666666666667,0.004423333333333332,0.0
2022-12-15,0.075833,0.18149375,0.03632,0.3123166666666667,0.16280466666666665,0.16564,0.0,0.08631666666666667,-0.040028809523809515,0.40754999999999997
2022-12-16,-0.136945,0.14439666666666667,0.14259,-0.1606125,0.16921666666666668,0.040560000000000006,-0.6249,0.5194,0.16472666666666666,0.365225
2022-12-19,0.18418125000000002,0.20143120879120877,0.076954,0.003936952380952374,0.05440266666666667,0.21714375,0.08231666666666666,0.16439499999999999,0.012095333333333328,0.27981666666666666
2022-12-20,0.28015,0.09304805194805195,0.2606875,0.25217757575757577,0.1853138888888889,0.11565,0.24258333333333332,0.056537500000000004,0.19002708333333332,0.4362583333333333
2022-12-21,-0.06918333333333333,-0.05036015151515153,0.051320833333333336,0.03029196428571429,0.16837833333333335,0.4428011904761905,0.16973333333333332,-0.043444444444444445,0.18500171428571427,0.45505
2022-12-22,0.025533333333333314,0.08680555555555555,0.378585,0.33607133333333333,0.04051041666666666,0.16071249999999998,0.0,-0.043444444444444445,-0.11699016666666666,0.0
2022-12-23,0.30825,0.12253750000000001,0.025530000000000004,0.225605,-0.13645833333333332,0.031187499999999993,0.0,-0.043444444444444445,0.09710083333333332,0.45930000000000004
2022-12-27,0.2775666666666667,0.25897526695526696,0.26326517948717953,0.20856000000000002,0.14100200000000002,0.17836458333333333,0.4253,0.276205,-0.02400274458874459,0.13076444444444446
2022-12-28,0.12011833333333334,0.082875,0.10542222222222224,0.09005,0.19902799999999998,0.0808611111111111,0.045533333333333335,0.42046666666666666,0.1082625,0.1366
2022-12-29,-0.007550000000000001,0.16799999999999998,0.04067232142857143,0.05306999999999999,0.145495,0.06812708333333334,0.17285,0.10115,0.17852666666666667,0.015149999999999997
2022-12-30,0.004053333333333335,0.11475514285714286,0.18656,0.12765,0.08662000000000002,0.23181666666666667,-0.1591,0.07955,0.03169271428571429,0.07731999999999999
2023-01-03,0.006189523809523807,0.13502238095238095,0.3467102222222222,0.11999,0.3061316666666667,0.10084666666666667,0.12765,0.21912916666666668,0.11017668174962292,0.135575
2023-01-04,0.04757777777777781,0.07606457142857143,0.25721983333333337,0.20671166666666665,0.18086375,0.147325,0.1101,0.1806,0.034834500000000004,0.19968750000000002
2023-01-05,0.17983000000000002,0.25704111111111116,0.24221202380952384,0.05521666666666666,0.157785,0.16421249999999998,0.12264,0.22746666666666665,0.239182,0.18598333333333333
2023-01-06,0.24178666666666668,0.16846250000000002,0.17257104761904762,0.09241666666666669,0.06390333333333334,0.0252875,0.0,0.063325,0.30037380952380954,0.04500000000000001
2023-01-09,0.33028749999999996,0.18463154761904763,0.3237676190476191,0.1042827380952381,0.20049791666666666,0.26573958333333336,0.12625999999999998,-0.02993333333333333,0.12115619047619046,0.07377666666666667
2023-01-10,0.3496722222222222,0.10989238095238094,0.04492685714285714,0.11789761904761906,0.03880803571428571,0.28066964285714285,0.13396666666666665,0.085,0.23811809523809524,-0.125
2023-01-11,0.3751291666666667,0.03772633333333334,0.2263166666666667,0.12130436507936508,0.08150666666666666,0.005500000000000005,0.24126875,0.06363333333333333,0.06118666666666667,0.08693333333333335
2023-01-12,0.14176583333333334,0.06590953846153846,0.018649553571428574,0.11136057142857143,0.18303750000000002,0.14440208333333332,0.2011375,0.045325000000000004,0.05665833333333333,0.16933333333333334
2023-01-13,0.43955,0.19112266666666666,0.20104285714285716,0.08501762570762571,0.23456666666666667,0.047075000000000006,0.28611,0.033716666666666666,0.100065,0.3307166666666667
2023-01-17,0.25457083333333336,0.23867834285714284,0.0695801568627451,0.1543407343857241,0.26210944444444445,0.29854375,0.2225666666666667,0.1320625,0.20704814285714285,0.21316249999999998
2023-01-18,0.0,0.1759852222222222,0.2640033333333333,0.21236539682539682,0.11237499999999999,-0.09101875000000001,0.16949166666666668,0.027555555555555555,0.2906471428571429,0.2732
2023-01-19,0.08255833333333334,0.008944142857142855,0.11615,0.07216216666666667,-0.056079166666666666,0.0634125,0.15780833333333333,0.10142499999999999,0.06193333333333333,0.16392
2023-01-20,0.08795555555555558,0.0025066666666666653,0.2234735096153846,0.12927811111111112,0.08754133333333333,-0.00526666666666666,0.16671111111111112,0.11206944444444444,0.07359466666666667,0.15063888888888888
2023-01-23,0.10135833333333333,0.266322380952381,0.19601488636363634,-0.022350000000000002,0.25531000000000004,0.2306225,0.12612222222222222,0.08845333333333333,0.20046862155388473,0.20159666666666665
2023-01-24,0.061015,0.15604383333333333,0.24455976190476192,0.10409500000000001,0.10296250000000001,0.07001098484848485,0.09344166666666666,0.3297875,0.094884375,0.24128750000000002
2023-01-25,-0.00039999999999998923,0.12261899999999999,0.17433222222222222,0.073385,-0.027409803921568644,0.09866666666666667,-0.09030399999999998,0.2674,0.061449166666666666,0.299375
2023-01-26,0.3029285984848485,0.11155333333333335,0.2358399572649573,0.18063044444444445,0.19234333333333334,0.04510821428571428,0.10407071428571428,0.05325555555555555,0.10102396825396824,0.17108666666666666
2023-01-27,0.09685466666666664,0.048704761904761903,0.15003000000000002,0.19486625,0.17701666666666666,0.14285555555555554,0.148,0.3066,-0.0078365404040404,0.2944333333333333
2023-01-30,0.10398333333333332,0.007219999999999999,0.1535704761904762,0.24729333333333336,0.16978716666666666,0.016369999999999996,0.23793749999999997,0.23276874999999997,0.09664333333333333,0.12533333333333335
2023-01-31,-0.01744888888888889,0.0859094761904762,0.16986394871794874,0.10100416666666667,0.060302833333333326,0.20599323529411764,0.07318333333333334,0.12202500000000001,-0.0052257575757575685,0.23127083333333331
2023-02-01,-0.005123333333333336,0.11161515151515151,-0.12676177777777778,0.0,0.20834325396825398,0.09509999999999999,0.0,0.27355,-0.0623230816170862,-0.02065
2023-02-02,0.14068133333333335,0.20074999999999998,0.23494380952380953,0.2171806666666667,0.29104739583333333,0.15744999999999998,0.042550000000000004,0.1418125,0.2330016666666667,0.33265
2023-02-03,0.18137,0.165426,-0.004061666666666658,0.04166874999999999,-0.06745916666666667,0.28540625,0.007425000000000008,0.10512777777777778,0.02509166666666667,0.36397916666666663
2023-02-06,0.026350000000000005,0.10881099999999999,0.0672211111111111,0.02421666666666667,0.042994000000000004,0.11857222222222223,0.09375357142857141,0.20293619047619046,0.20531083333333333,0.15076666666666666
2023-02-07,0.11751700000000001,0.20925208333333334,0.04280952380952381,0.24303333333333335,0.12206666666666668,-0.0682,-0.08905333333333333,0.14826666666666666,0.19244266666666668,0.2514208333333333
2023-02-08,0.035525,0.10776057142857143,0.11748222222222222,-0.03772666666666667,0.173186,0.30905,0.13396666666666665,0.0,0.11695732142857143,0.26554621212121216
2023-02-09,0.22126666666666664,0.15812044827586208,0.09532542857142859,-0.036629999999999996,0.09609880952380953,0.13476666666666667,-0.060337499999999995,0.17310833333333334,0.24110499999999999,0.22765250000000004
2023-02-10,0.1596375,0.123806,0.19760708333333338,0.13965,0.1858,0.07646666666666667,0.1101,0.4179166666666667,0.01707916666666668,0.09106666666666667
2023-02-13,0.03994,0.16529863636363637,0.27975944444444445,0.14206666666666667,0.13759666666666664,0.14845000000000003,-0.003225,0.4619625,0.2105216806722689,0.22849583333333334
2023-02-14,0.0,0.26563884848484853,-0.06658333333333333,-0.02340066666666667,0.26553375,0.10818222222222222,0.07543333333333334,0.15886,0.23092212121212122,0.2238
2023-02-15,0.2770766666666667,0.016489166666666666,0.0632888888888889,-0.106184375,0.06080555555555556,0.024716666666666665,0.2011452380952381,0.008577777777777778,0.008611999999999998,0.221775
2023-02-16,0.02366,0.002770095238095238,0.15220444444444442,0.03156,0.16079022222222222,0.17239374999999998,0.19493749999999999,0.022638888888888892,0.18403483116883118,0.27307916666666665
2023-02-17,0.44631666666666664,0.1725047619047619,0.13352410714285715,0.22298999999999997,0.12371866666666667,0.019099999999999985,-0.008616666666666663,-0.029062499999999998,0.10726909090909091,0.16716666666666666
2023-02-21,0.11287142857142858,0.14295160317460315,0.15030474747474748,0.0017510000000000026,0.023423000000000006,0.24467125,-0.050991666666666664,0.038997222222222225,0.11501818181818182,0.09484111111111111
2023-02-22,0.25303888888888887,0.0984352380952381,0.11466400000000002,0.07277375,0.09284200000000001,0.0,0.10664999999999998,0.12060208333333333,0.12207900000000001,0.18041666666666667
2023-02-23,0.14590999999999998,0.10197666666666667,0.17188928571428572,0.13172166666666668,0.039,0.061254166666666665,0.028949999999999997,0.039810000000000005,0.04917246138211382,0.18512666666666666
2023-02-24,0.03900000000000001,0.006350000000000003,0.056115000000000005,0.07666466666666666,0.14276666666666668,0.04507777777777778,0.1115125,0.0,0.04631983333333334,0.189365
2023-02-27,0.13425555555555557,0.09423566666666666,-0.04191485714285714,-0.06251392857142857,0.08093285714285714,0.08860625,0.30675,0.12562666666666666,0.1034154761904762,0.198187
2023-02-28,0.1230375,0.149515,0.18892962962962967,0.21247020202020198,0.04354666666666667,0.2218611111111111,0.5106,0.16455,0.31204464285714284,0.227525
2023-03-01,-0.02192750000000001,0.11399233333333333,0.09804375,0.08517666666666666,0.030974,0.0717107142857143,0.13850666666666667,0.08925,0.1912788888888889,0.35366666666666663
2023-03-02,0.23134666666666667,0.2577067748917749,0.30939833333333333,0.13739400000000002,0.02129833333333333,0.33355,-0.073825,0.23394444444444443,0.08433595238095237,0.09106666666666667
2023-03-03,-0.1858,-0.024616666666666676,0.15702291666666668,-0.0031533333333333357,0.35581666666666667,0.14519583333333333,0.024965,-0.0129,0.2246368888888889,0.03463333333333334
2023-03-06,0.02023,-0.040311,0.06313377777777777,0.12100892857142857,0.06327033333333335,0.20092500000000002,0.0425,0.04136,0.07911199999999999,0.1587125
2023-03-07,0.19317499999999999,0.17406333333333332,0.15562266666666666,0.24231166666666665,0.1826875,0.2940583333333333,0.0595875,0.1101,0.11298444444444444,0.08139666666666667
2023-03-08,-0.079075,0.25326166666666666,0.14941619047619048,0.08252444444444446,0.07657633333333333,0.18509166666666665,0.16210833333333335,0.237625,0.08803611111111112,-0.018375000000000016
2023-03-09,-0.030216666666666663,0.136528,0.25682866666666665,0.07351033333333334,0.14261666666666667,0.101525,-0.07646666666666667,0.0627125,0.18640878787878787,0.07955
2023-03-10,0.04284666666666667,0.12061199999999998,0.14527833333333334,0.0075823333333333385,0.21540416666666665,0.16145535714285714,0.10500000000000001,0.26161999999999996,0.06640625,0.27644583333333334
2023-03-13,0.10773222222222223,0.04881742857142857,0.16597666666666666,-0.09672003030303031,0.1411257142857143,0.18339,0.13992,0.021646666666666665,0.06185700000000001,0.3269875
2023-03-14,0.0,-0.04649666666666667,0.21197166666666667,0.17148380952380954,-0.0008773333333333244,0.26141666666666663,0.10100625,0.20270000000000002,0.19093854166666666,-0.004044444444444443
2023-03-15,0.22643333333333335,0.06556166666666667,0.1294664285714286,0.011017111111111116,0.08162666666666667,0.09910833333333333,0.08374181818181818,0.1570425,0.03296523809523809,0.29046875
2023-03-16,0.11239785714285716,0.04377166666666668,-0.04001199999999999,-0.1254713888888889,0.0482,0.3260083333333333,0.17975555555555556,0.23317500000000002,0.12318413636363634,0.1459
2023-03-17,0.10115,-0.009178000000000009,0.06299166666666667,-0.05482447619047619,0.11496666666666666,0.15704444444444443,0.07515357142857143,0.1994375,0.054474749999999995,0.23022083333333332
2023-03-20,0.183634,0.042434285714285716,0.26259466666666664,0.13583814285714285,0.08144933333333335,0.09899583333333334,0.23766111111111113,0.053625000000000006,0.12902333333333332,0.13736666666666666
2023-03-21,0.084422,0.20367777777777776,-0.03979416666666667,0.12551285714285715,0.157915,0.32455000000000006,0.18277875,0.44950833333333334,0.076383,0.2442375
2023-03-22,0.23682777777777778,-0.048863076923076926,0.1413158333333333,0.07012714285714285,0.011967999999999998,0.2851166666666667,0.09775833333333334,0.23206666666666667,0.0671015037593985,0.045533333333333335
2023-03-23,0.2340375,0.05046666666666668,0.13539666666666667,-0.025778333333333337,0.22970000000000002,0.13006666666666666,0.05849375,0.1365,0.18256904761904763,0.10625000000000001
2023-03-24,0.31845,0.2420506666666667,0.194102,-0.10548969696969698,0.03990166666666667,0.16728333333333334,0.0,0.17,0.05406785714285715,0.32985
2023-03-27,0.16795714285714283,0.14983583333333333,0.061272499999999994,0.09451706349206349,0.13018666666666667,0.19851944444444444,0.028666666666666674,0.08692333333333334,0.14809797435897437,0.09494375
2023-03-28,0.21742916666666665,0.15801928571428572,0.08887333333333333,0.21208999999999997,0.19232833333333335,0.10886249999999999,0.371025,0.148,0.13835555555555554,0.39759374999999997
2023-03-29,0.10665833333333334,0.12297333333333334,0.03241588888888889,0.028922833333333335,0.04356333333333333,0.062268750000000005,0.14385555555555554,0.2021888888888889,0.1126611111111111,0.07046250000000001
2023-03-30,0.20591666666666666,0.10652782051282053,0.07989666666666667,0.26865892857142853,0.008635416666666673,0.3257777777777778,0.16360555555555553,0.11796111111111111,0.2040849523809524,0.3038375
2023-03-31,0.3276422222222222,0.09628642857142859,0.140608,0.14908133333333334,0.11874583333333336,-0.049244444444444445,0.03988333333333335,0.24450000000000002,0.17308566666666667,0.1426111111111111
2023-04-03,0.1919639880952381,0.12021739348370927,0.05294282894736842,0.14887166666666668,-0.04730466666666666,0.11641875000000002,-0.07655,0.162085,0.15282176577445544,0.30360624999999997
2023-04-04,0.059763,0.12417666666666667,0.3552807936507937,-0.06390744444444443,0.2604736111111111,0.13426696428571427,0.11621111111111111,0.16390625,0.13741923376623374,0.18112083333333334
2023-04-05,0.04375,0.11068285714285715,0.044200129870129876,0.01187714285714286,0.052146666666666674,0.04348888888888889,0.28400000000000003,0.10922857142857142,0.1010967105263158,0.22595833333333332
2023-04-06,0.21072666666666667,0.1264582222222222,0.15520730769230767,0.18461666666666665,0.075898,0.07869499999999999,0.1820125,0.11836250000000001,0.3205784615384616,0.440325
2023-04-10,0.03769666666666667,0.1555224175824176,0.1254346894409938,0.07796215909090909,0.1212428787878788,0.18403437500000003,0.2084035714285714,0.07998166666666667,0.19221785810680547,0.33007333333333333
2023-04-11,0.05065,0.07350000000000001,0.12779444444444443,0.07343225274725274,-0.0077800000000000005,-0.02064166666666667,0.06401785714285714,0.4405625,0.062146,0.11713
2023-04-12,0.14808,0.07067380952380953,0.04597833333333333,0.11431438095238096,0.06948166666666666,0.07866583333333332,0.0,0.22360000000000002,0.132108,0.3095111111111111
2023-04-13,0.0014371428571428578,-0.014880000000000008,0.11301499999999999,0.08987416541353384,-0.10877142857142856,0.2989,0.0647375,-0.025675,0.06379210714285713,0.1800225
2023-04-14,0.008458333333333337,0.124798,0.20039,0.0715998787878788,0.08871200000000001,0.15686458333333334,0.07955,0.12273333333333332,0.16946247619047622,0.14492333333333335
2023-04-17,0.014846666666666666,0.047094537815126056,0.12480233333333332,0.12114983391812865,0.1516492857142857,0.1402925,0.26335,0.0132375,0.13958309523809526,0.1477125
2023-04-18,0.05192083333333335,-0.00219833333333333,0.019372171717171722,0.16889942857142856,0.15571000000000002,0.14630833333333335,0.175325,0.13318,0.23028714285714286,0.10345666666666667
2023-04-19,0.1355011111111111,0.10463,0.2102045,0.2592947296918767,0.14626160784313724,0.17295000000000002,0.026311111111111115,0.0624775,0.05728399999999999,0.27201333333333333
2023-04-20,-0.009785470085470087,0.14552822222222223,0.10873916666666665,0.06709428571428572,0.23979249999999996,0.11538499999999999,0.14522157142857145,0.11643125,0.05221322222222222,0.11793066666666667
2023-04-21,0.21154227272727272,0.18641619047619046,0.1881543296703297,0.08143750000000001,0.21048999999999998,0.24097999999999997,0.03415,0.1632583333333333,0.11072671428571428,0.0
2023-04-24,-0.05283609307359308,0.18706116666666667,0.12229757575757576,0.09981011688311688,0.1920431111111111,0.12660729166666668,0.06069,0.20073999999999997,0.27001044444444444,0.07439423076923077
2023-04-25,-0.05869166666666666,0.06455933333333333,0.19002142857142856,-0.11130363636363635,0.2283732142857143,0.057176343101343105,0.09273619047619049,0.09502000000000001,0.2657971428571429,0.15338
2023-04-26,0.05955111111111111,0.11648292207792207,0.1756625,0.2741921111111111,0.12440666666666667,0.1824529017857143,0.05599750000000001,-0.04497500000000001,0.1629045,0.2785529761904762
2023-04-27,0.09535809523809524,0.020829999999999998,0.12198966666666666,0.28383416666666667,0.10556773809523809,0.17246458333333334,0.07933333333333334,0.13390000000000002,0.09028976190476191,0.23561533333333334
2023-04-28,0.032774074074074074,0.22731933333333335,0.31864499022482895,0.00025047619047620097,0.00033809523809523733,0.10877083333333333,0.15725,0.5853333333333333,0.08379,0.12983333333333333
2023-05-01,-0.0007224999999999981,0.07956109523809525,0.08833715789473684,-0.10076933333333334,0.1334839523809524,0.15259374999999997,0.12691666666666668,0.12618888888888888,0.1715652857142857,0.03741
2023-05-02,0.05378166666666667,0.068688,0.0728534126984127,0.08640361904761905,0.03099733333333333,0.12389166666666668,0.030586666666666665,0.09341200000000001,0.0977425,0.21361666666666665
2023-05-03,0.07369583333333335,0.1439375,0.08897071428571429,0.09409142857142858,-0.029762499999999997,0.12727083333333333,-0.27937,0.05588888888888888,0.13214352162543336,0.31317333333333336
2023-05-04,0.015410000000000002,-0.004541904761904759,0.17091869047619046,0.07386000000000001,0.08052666666666666,0.39717291666666665,-0.006916666666666668,0.08639666666666666,0.06455499206349206,0.11940333333333335
2023-05-05,0.47256666666666663,0.06768133333333334,0.09336,0.3775666666666667,0.13888,-0.212675,0.0,0.17702666666666672,0.025835238095238088,0.20072083333333335
2023-05-08,0.09807333333333332,0.014013571428571436,0.13798829691876752,0.034476666666666676,0.11934083333333334,0.10258333333333333,0.3006375,0.11322666666666667,0.19814314285714285,0.2549166666666667
2023-05-09,0.10293333333333332,0.13884366666666667,0.29391761904761904,-0.15867444444444442,0.13952916666666668,0.2582277777777778,0.0,0.2023,0.0012989102564102684,0.09120714285714286
2023-05-10,0.14408444444444443,0.020136717948717946,0.05290708333333334,0.02547619047619048,0.07512833333333332,0.08935,0.2023,-0.038233333333333334,0.131105,0.19761333333333334
2023-05-11,0.2646342857142857,0.133545,0.3111704761904762,-0.04686666666666666,0.3504277777777778,0.11902222222222224,0.19445666666666667,0.04404,0.029883806818181816,0.29835833333333334
2023-05-12,0.17863125000000002,0.09707777272727273,0.06251500000000002,-0.007373333333333332,0.08510000000000001,0.0924,0.148,0.31845,0.10686666666666667,0.12914375
2023-05-15,0.05184233333333334,0.07504846153846154,0.11228159090909091,-0.08282990476190476,0.11460095238095239,0.1419,0.06001964285714286,0.27749583333333333,0.18090694805194804,0.2668166666666667
2023-05-16,0.07770833333333334,0.07171818181818182,0.0683,0.03108590476190476,0.0088725,0.05296666666666667,0.1517777777777778,0.11315,0.13449666666666665,0.23775000000000002
2023-05-17,0.037233333333333334,0.03990689393939394,-0.084106,0.077335,-0.13154833333333332,0.083225,0.148,0.11333333333333334,0.15711445454545453,0.1247375
2023-05-18,0.04258083333333333,0.25798347222222223,0.07178541666666666,0.077354,0.07561,0.024666666666666667,0.0409375,0.09217291666666666,0.12830694444444446,0.17556666666666665
2023-05-19,0.25138666666666665,0.09376993464052288,0.05900833333333334,0.04697371794871795,0.04610166666666667,0.0976,0.15293333333333334,0.0,0.26918416666666667,0.1827
2023-05-22,0.001240000000000005,0.053559469696969696,0.17863541666666666,0.05849142857142857,0.0658892857142857,0.2014407738095238,0.12607,0.159,0.008843945054945058,0.10899999999999999
2023-05-23,0.04056875,-0.020525238095238096,0.08596375,0.22061666666666668,0.16683333333333333,0.21075,0.14597333333333332,0.08045,0.23763,0.3612
2023-05-24,0.08068333333333334,0.01727333333333333,-0.029001785714285716,0.07600266666666666,-0.03794666666666667,0.056196031746031744,-0.074,0.2897,0.04763222222222222,0.1728
2023-05-25,0.25936000000000003,0.076675,0.06481822222222222,0.131425,0.110065,0.1388,0.05147466666666667,0.059500000000000004,0.2924652879744369,0.04933333333333333
2023-05-26,0.2987266666666667,0.11176208333333333,0.20208666666666666,0.053388333333333336,0.12116500000000001,0.1991,0.0657888888888889,0.0,0.1557130894308943,0.22503333333333334
2023-05-30,0.004470833333333337,0.0973375974025974,0.17743809523809523,0.00033266666666666443,0.29069500000000004,0.08414166666666667,0.22327111111111111,0.15797,0.14311075505050502,0.11341666666666667
2023-05-31,0.12067499999999999,0.12470119047619048,0.21463000000000002,0.07851590476190477,0.14073333333333332,0.08707916666666667,0.15469999999999998,0.2308,0.10842350613154961,0.3891
2023-06-01,0.13070833333333334,0.15347738095238098,0.20107333333333335,0.04838987012987013,-0.06024047619047619,0.13343833333333333,-0.026754999999999994,0.15113333333333334,0.1887680780780781,0.20077333333333333
2023-06-02,-0.015148557692307689,-0.0057824999999999994,0.005070454545454543,-0.004618214285714288,0.11968571428571428,0.23612738095238095,0.25546785714285714,0.043,0.08822628571428573,0.2436
2023-06-05,0.10338833333333333,0.054355307692307696,0.103231,0.05549555555555556,0.0538,0.09764285714285714,0.1798,0.11005555555555556,0.08373035930735931,0.099545
2023-06-06,0.1875525,0.1613516666666667,0.011694222222222217,0.19805133333333336,0.22018095238095237,0.3511,0.14220000000000002,0.13066666666666665,0.03941676190476191,0.099545
2023-06-07,0.25762833333333335,0.12343388888888888,0.10962916666666667,0.17646499999999998,0.2577716666666666,0.13350833333333334,0.16094999999999998,0.4215,0.17291755555555555,0.4035166666666667
2023-06-08,-0.07723055555555557,0.13599477777777777,0.03468952380952381,0.08072166666666666,0.277517,0.11851666666666667,0.028333333333333335,0.078245,0.1669817575757576,0.15345999999999999
2023-06-09,0.24594583333333336,0.07775714285714286,0.09826714285714286,-0.007694318181818181,0.035365,-0.03485277777777779,0.17,0.18206666666666668,0.0791530350877193,0.3104875
2023-06-12,0.0565,0.09899566666666668,0.077235,0.0799288888888889,0.19989666666666667,0.15180625,0.016700000000000007,0.224,0.1623291111111111,0.16839166666666666
2023-06-13,0.12368541666666666,0.08649333333333334,0.17667333333333335,0.19952090909090908,0.04371666666666668,0.095625,0.286275,0.0,0.14489493557422967,0.07782666666666668
2023-06-14,0.2643833333333333,0.058877777777777786,0.03523666666666667,0.08457222222222223,0.30043333333333333,0.19939500000000002,0.3727666666666667,0.204175,0.26070635117204777,0.4089583333333333
2023-06-15,0.09067833333333335,0.06472571428571429,0.07012933333333334,0.24867666666666666,-0.06827777777777777,0.17837291666666666,0.09225,0.14985,0.15554443653121072,-0.041666666666666664
2023-06-16,0.21339333333333332,-0.009490000000000004,0.09272,0.12568380952380953,0.05360166666666668,0.17635357142857144,0.2356,-0.24919999999999998,0.16947748913043478,0.34970000000000007
2023-06-20,0.10486200000000001,0.0710517619047619,0.10417000000000001,0.10962119696969697,0.09210357142857142,0.12289155844155844,0.07100000000000001,0.0,0.1186347340425532,-0.1314
2023-06-21,0.24639999999999998,0.13170466666666666,0.06647499999999999,0.17323625000000004,0.16984933333333332,-0.10361869047619046,0.23585,0.0,0.0010769000000000028,0.21825555555555556
2023-06-22,0.32592,0.04867904761904762,0.01964358585858586,0.2034488095238095,0.07414000000000001,0.037312500000000005,0.07558333333333332,0.046345000000000004,0.14637190476190476,0.289875
2023-06-23,-0.098825,0.05472609523809524,0.09291,-0.0023266666666666644,0.17212333333333332,0.08075,0.024666666666666667,0.11247666666666664,0.14894539682539681,0.19664166666666666
2023-06-26,0.12835722222222223,0.1662952380952381,0.06310933333333332,0.12232169696969697,0.11287116666666666,0.21286190476190478,0.0903,0.19596249999999998,0.181003898989899,0.31494666666666665
2023-06-27,0.176568,0.13577377777777777,0.10251777777777778,0.25024083333333336,0.17431666666666668,0.03852777777777778,0.12264,0.30765,0.1872056666666667,0.22556500000000002
2023-06-28,0.03368750000000001,0.10723866666666668,0.14015,-0.10452830303030303,0.12248,0.21478333333333333,0.2566125,0.14466666666666667,0.07090952814760562,0.09106666666666667
2023-06-29,0.05051666666666666,0.03111666666666667,0.11747102272727274,0.08328292929292928,0.22100750000000002,0.0595875,0.03507333333333334,0.23190000000000002,0.08155989285714287,0.20905
2023-06-30,-0.05664444444444444,0.11330953296703297,0.017703000000000003,-0.00810916666666667,-0.01451583333333333,0.1541875,-0.1858,0.018575,0.06902165591397849,0.21400999999999998
2023-07-03,0.14625333333333332,0.0906442857142857,0.2692326666666667,0.10653781240981242,0.16950533333333334,0.11665541666666666,0.03777777777777778,0.30687499999999995,0.3158323333333333,0.18412777777777778
2023-07-05,0.30294791666666665,0.093782,0.06567197802197804,0.15241055555555555,0.24311333333333335,0.2731928846153846,0.30946666666666667,0.28352222222222223,0.1697104761904762,0.40281666666666666
2023-07-06,0.14584000000000003,0.05473309523809524,0.16027809523809525,0.10559095238095237,0.3320541666666667,0.06319,0.074,0.09404666666666665,0.050038280608280604,0.1918486666666667
2023-07-07,0.14504083333333334,0.11410333333333333,-0.005559047619047611,0.03135333333333333,0.10098,-0.04826874999999999,0.10114666666666668,0.0252875,0.05806750000000001,0.24284444444444445
2023-07-10,0.047412499999999996,0.03842547619047619,0.14102299999999998,0.010548666666666668,0.09408571428571429,0.06498095238095239,0.3281,0.2540166666666667,0.11867149282296652,0.19278000000000003
2023-07-11,0.137235,0.1377195,-0.025343095238095227,0.10893366666666666,-0.019299999999999998,0.1396375,0.08734,0.1909,0.1351016446886447,0.2607966666666667
2023-07-12,0.10722533333333333,0.19371386363636364,0.09584033333333335,0.05453533333333334,0.3072183333333333,0.02316666666666668,0.10863,0.1755,0.13305638095238095,0.09106666666666667
2023-07-13,0.10935833333333334,0.23195429670329668,0.20922952380952378,0.01457694444444444,0.13722833333333334,0.10622916666666667,0.0,0.15039583333333334,0.15997,0.09443333333333334
2023-07-14,0.18643627450980393,0.16024290909090907,0.10779676923076922,0.037483,0.09642,0.09048333333333335,0.0,0.0416875,0.13538973076923078,0.19321666666666668
2023-07-17,-0.08006042735042734,0.056733818181818184,0.17288583333333332,0.07255070843776108,0.08543200000000001,0.013412500000000004,0.03720000000000001,0.20958133333333331,0.12761874725274727,0.0937375
2023-07-18,0.16049212121212122,0.04752261904761905,-0.00615733333333333,0.17177098484848483,0.12676,0.27757916666666665,0.025460000000000003,0.12192999999999998,0.3026238115942029,0.2895666666666667
2023-07-19,0.21617745098039215,0.166514,0.0264,0.1155144246031746,-0.011843333333333322,0.2703330357142857,0.0,0.24465,0.20434125,-0.0143
2023-07-20,0.003887500000000002,0.09496371428571429,0.10256666666666667,0.20863139393939392,0.011729444444444459,-0.03149999999999999,0.17399166666666666,0.07529666666666665,0.08757997202797203,0.38201111111111113
2023-07-21,0.09856333333333334,0.024183333333333334,0.05022844927536232,0.15578,-0.04343878787878787,0.09700625,-0.04404,0.25698333333333334,0.08417985858585858,0.0969
2023-07-24,0.07159333333333333,0.08390126190476191,0.189875,0.12714799999999998,0.08833566666666667,0.2474125,0.12476500000000001,0.2971733333333334,0.17496836363636364,0.06353333333333333
2023-07-25,-0.05221766666666668,0.10142171428571427,0.11546799999999999,0.11558866666666667,0.086399,0.07148573502722325,0.14239296536796536,0.1331,0.03314680952380952,0.18849333333333332
2023-07-26,0.20902033333333336,0.17548919298245613,0.143656,0.116224,-0.023268000000000004,-0.09110770833333333,0.041604999999999996,0.11146666666666667,0.10875122727272728,0.51085
2023-07-27,0.11456666666666666,0.19469166666666665,0.09099444444444445,0.1295595238095238,0.3139487053571428,0.2773125,0.02511875,0.15022,0.15900590184921765,0.023245714285714286
2023-07-28,0.2635770833333333,0.09532142857142858,0.3404525,0.055504761904761904,0.04005133333333334,0.002212499999999999,0.2732,0.34713333333333335,0.25609803375196233,0.033716666666666666
2023-07-31,0.1464236931818182,0.11048602777777776,0.2993343333333333,0.03504731601731603,0.17221577777777777,0.10200065217391305,0.2732,0.1393,0.22288983333333334,0.3491
2023-08-01,0.3137997142857143,0.12225633333333333,0.186396,0.020416666666666666,0.3799326388888889,0.11392807692307694,0.2106,0.20738666666666666,0.2357209411764706,0.14214
2023-08-02,0.12495833333333335,0.06706660714285714,0.1052,0.08076857142857144,0.20683214285714285,0.08237970588235294,0.026690833333333334,0.2520366666666667,0.04304637721755369,0.16496
2023-08-03,0.05863476190476191,0.03242833333333333,0.027755999999999996,0.08069666666666667,0.17620577777777777,0.18055666666666667,0.047975000000000004,0.05122666666666666,0.06005417508417508,0.16905333333333333
2023-08-04,0.016595,0.077905,-0.06289583333333333,0.05584666666666667,0.02412766666666666,0.17983333333333335,0.047975000000000004,-0.06634999999999999,0.10166566666666665,0.10608
2023-08-07,0.148432,0.07162533333333333,0.11204333333333334,-0.08297433333333333,0.15519333333333332,0.10372916666666668,0.4588,0.06536666666666667,0.04956952380952381,0.253835
2023-08-08,0.17886944444444444,0.1509061904761905,0.3084104166666667,-0.08238266666666667,0.23948666666666665,0.092678125,0.0258,0.0,0.1265795238095238,-0.09753055555555556
2023-08-09,0.04359083333333333,0.08342736842105263,-0.019293333333333336,0.08428552380952381,0.2963586666666667,0.16604888888888888,0.21476666666666666,-0.09176,0.13481033333333334,0.4079
2023-08-10,-0.0229375,0.10813130952380952,0.2532575,0.12947166666666665,0.22905333333333333,0.06182222222222222,0.03612,0.395685,0.055945529411764706,0.06423000000000001
2023-08-11,0.14742708333333332,0.11003558974358973,0.14817305494505492,0.21529166666666666,0.066705,0.10284125,0.29973333333333335,0.309325,0.18409629629629629,0.20358333333333334
2023-08-14,0.09028958333333334,0.07046761904761904,0.21686444444444444,0.06792361538461539,0.23845000000000002,0.07925,0.2653722222222222,0.06265833333333333,0.17451679653679655,0.5191
2023-08-15,0.1024625,0.06022467171717172,0.06415238095238096,-0.09152064102564102,0.033176666666666674,0.1572125,0.034815,0.08895,0.15051185714285714,0.030355555555555556
2023-08-16,0.11415,0.1470224537815126,0.06837916666666666,-0.012873333333333337,-0.030112499999999993,0.22486874999999998,0.034815,0.1997625,0.15010434343434342,0.3056
2023-08-17,0.06904,0.045742651515151514,0.05376665934065934,0.0812525,-0.04109,0.0478,0.133335,0.25376499999999996,0.07248780626780627,0.3325166666666667
2023-08-18,0.1956125,0.021551833333333333,0.17154114285714286,0.15520466666666669,0.1804375,-0.13069999999999998,0.06535,0.16151666666666667,0.22059791666666667,0.142075
2023-08-21,0.058935238095238096,0.06574366666666667,0.15734625,0.14409095238095238,0.075529,0.13502666666666666,0.025264285714285722,0.22697499999999998,0.06482204907161804,-0.08815999999999999
2023-08-22,-0.007084999999999994,0.07207630952380953,0.010121071428571424,0.0003300000000000025,-0.02522916666666667,0.237275,0.018858333333333335,0.3445333333333333,0.07103252380952381,0.1531
2023-08-23,0.12911574074074075,0.16088059523809523,0.2803123015873016,0.1773108333333333,0.1535769523809524,0.1708575,0.0,0.0,0.22376051082251083,0.126265
2023-08-24,0.1470688888888889,0.0726359393939394,0.07053066666666666,0.0018733333333333323,0.1664466666666667,0.16195,0.09545,0.06904,0.16662566275592364,0.10653541666666667
2023-08-25,-0.03360833333333334,0.10851466666666668,0.08052499999999999,0.023236,0.146457,0.024890000000000002,0.3084222222222222,0.05138333333333333,0.09756760283687943,0.17226666666666668
2023-08-28,0.12119,0.11210095238095238,0.23276863636363637,0.13978942424242424,0.1336309294871795,-0.002314473684210526,0.28123333333333334,0.22785,0.21448655613889658,0.04334583333333333
2023-08-29,0.1907458333333333,0.1811878787878788,-0.030057727272727264,-0.059906666666666664,0.11434833333333332,-0.020413095238095244,0.0,0.22440000000000002,0.2125182380952381,0.30974999999999997
2023-08-30,0.10524555555555555,0.09860066666666667,0.16914021164021165,0.07611700000000002,0.07639375000000001,0.049475,0.3404777777777778,0.1784,0.1418409990662932,0.19699166666666668
2023-08-31,0.11901666666666669,0.2287150476190476,0.0880625,0.10953809523809524,0.15754791666666668,0.07747583333333334,0.22485,0.3188875,0.1338128253968254,0.263015
2023-09-01,0.023975,0.20489166666666664,0.2922833333333334,0.14402708333333333,0.099024,0.16385833333333333,0.27203750000000004,0.29386,0.19559928571428573,0.2977375
2023-09-05,0.40598999999999996,0.10220464646464648,-0.021351547619047628,0.10214185897435897,-0.026741928571428576,0.17169583333333335,0.07955000000000001,0.12004333333333334,0.24358276666666664,0.1665
2023-09-06,0.19733333333333333,0.06972750000000001,0.2502890476190476,0.36785357142857145,0.19297333333333333,0.07907499999999999,0.12696000000000002,0.32030000000000003,0.12985946666666665,0.27040363636363635
2023-09-07,0.09237666666666666,0.10509543650793651,0.216569375,0.2701097777777778,-0.18949333333333332,0.236175,0.09633333333333333,0.02266666666666667,0.14493706944444446,0.287595
2023-09-08,0.15918666666666667,0.19511027777777779,0.14171142857142857,0.1275607142857143,0.246114,0.09179444444444444,0.14536666666666667,0.255,0.09164122766122766,0.19423166666666666
2023-09-11,0.008622916666666681,0.0971173611111111,0.11967055555555554,0.12716908424908424,0.14804299999999998,0.13515125,0.16076,0.24696600000000002,0.24649583592132504,-0.03533666666666666
2023-09-12,0.046933333333333334,0.12500461309523808,0.04077866666666665,0.20210961904761904,-0.027570000000000004,0.13389958333333335,0.0502375,-0.19063333333333332,0.07744789999999999,0.11336666666666667
2023-09-13,0.059849999999999993,0.1352597222222222,0.09829861111111111,0.08673433333333333,0.14033333333333334,0.03950857142857142,0.046725,0.06656666666666666,0.35549190476190473,0.13178
2023-09-14,0.17886666666666665,0.031052380952380953,0.12299133333333331,0.22826636363636366,0.15962833333333332,0.12057499999999999,0.068475,0.0502375,0.2035519351851852,0.21654
2023-09-15,-0.07917916666666666,0.2677158333333334,-0.017629999999999993,0.027317619047619045,-0.00022416666666666765,0.09773333333333332,-0.12760625,0.2822766666666666,-0.003061680107526876,0.27118333333333333
2023-09-18,0.11529166666666667,0.09311285714285714,0.063432,0.2613097777777778,0.111188,0.16234513888888888,0.094495,0.18226666666666666,0.16021608956560682,0.1134888888888889
2023-09-19,0.1097,0.11061783333333333,0.07909376923076923,0.07076309523809524,0.04774,0.14487321428571429,0.0,0.3227875,0.10146854166666666,0.3801666666666667
2023-09-20,0.19751666666666665,-0.057369,-0.007766883116883118,0.08931333333333333,-0.116605,0.03198611111111112,0.033716666666666666,0.4331875,0.018135619047619046,0.17329166666666668
2023-09-21,0.027776666666666665,0.025036666666666662,0.1825041666666667,0.09021599999999999,0.13232666666666665,0.1409347023809524,0.08564999999999999,0.2136458333333333,0.19429283333333333,0.018453333333333318
2023-09-22,0.02184,0.15963322222222223,0.2148235,-0.002622000000000002,-0.12242812500000001,0.2612083333333334,0.12765,0.26755,0.1028463492063492,-0.025675
2023-09-25,-0.03931312500000002,0.08277505952380952,0.1928424107142857,-0.00022133333333334003,0.12164791666666666,0.18737916666666668,0.03976666666666667,0.056546666666666676,0.08196184981684981,0.23758888888888893
2023-09-26,0.15773333333333334,0.149446,0.13767380952380953,0.16041095238095238,0.15423333333333333,0.16012291666666667,0.1366,0.09166666666666667,0.00216142857142857,0.28165
2023-09-27,0.10606666666666666,-0.04347333333333333,0.12195466666666668,-0.015205714285714295,0.24019444444444446,0.23609416666666666,0.11567333333333334,0.176875,0.12339693333333332,-0.007531333333333334
2023-09-28,0.10689892857142858,0.14080569597069598,0.14495999999999998,0.09110714285714286,0.21208,0.05182261904761905,0.153625,0.4616,0.009464205128205139,0.03773333333333334
2023-09-29,0.4074125,0.14739821553884713,0.21495066666666665,0.20885166666666666,0.12640500000000002,0.19617777777777778,0.0,0.21230000000000002,0.06379253246753247,0.490372
2023-10-02,0.257416,0.16482745454545455,0.23752011904761905,0.24449666666666667,0.08935000000000001,0.2090549404761905,0.18959,0.3861375,0.20184838295038293,0.2264761904761905
2023-10-03,0.03751666666666668,0.4507893333333334,0.235757,0.23649173611111113,0.2412125,0.12294800000000002,0.19711428571428571,0.18900333333333333,0.24536072649572654,0.18224500000000002
2023-10-04,0.22972142857142855,0.16629016666666666,0.20250351515151516,0.13839444444444446,0.1531,0.06546041666666666,-0.010900000000000002,0.169775,0.1061375076923077,0.10316666666666667
2023-10-05,0.10263333333333333,0.21018183333333332,0.2403467435897436,0.12938971428571427,-0.02732,0.099449,0.16635833333333333,0.2085125,0.20451376068376068,0.17467166666666667
2023-10-06,0.13007500000000002,0.19131363636363635,0.09241865384615386,0.1947583333333333,0.14291833333333331,0.01014583333333334,0.2289,0.18730000000000002,0.10602076923076922,0.17071
2023-10-09,0.16567333333333334,0.06405521428571428,-0.12311806493506491,0.17587000000000003,0.37931,-0.044031333333333346,0.02629999999999999,0.21775,0.1357155470494418,0.004225
2023-10-10,0.1622075,0.18184936507936506,0.11391555555555555,-0.025607738095238086,0.021636000000000006,0.13010507936507937,0.1147,0.19006250000000002,0.13829153846153847,0.28176666666666667
2023-10-11,0.1116375,0.058203500000000005,0.15059444444444445,0.028378000000000004,0.03917785714285714,0.1873086666666667,0.20277777777777775,0.0,0.19008219432419432,0.07206666666666665
2023-10-12,0.08885666666666667,0.11792457142857142,0.273648,0.09930921212121213,0.10007142857142859,0.18486979166666667,0.1541875,0.33874666666666664,0.11349491666666667,0.09213125
2023-10-13,0.130325,0.05699309523809524,-0.013828333333333345,-0.01183966666666666,0.08689583333333334,0.042525,0.29686111111111113,0.26335,0.165324,0.4657866666666666
2023-10-16,0.06240416666666666,0.15516044444444443,0.2676203703703704,0.14309699999999997,0.1464986666666667,0.10443733333333334,0.21284166666666662,0.13651125,0.1715520476190476,0.07089583333333334
2023-10-17,-0.042666666666666665,0.0683311111111111,0.18884714285714285,0.16338185185185186,0.138425,0.1160722222222222,0.2689416666666667,0.005374999999999987,0.09638249085280046,0.20010833333333333
2023-10-18,0.07049444444444444,0.12523757575757574,-0.04752713675213676,0.050946812945119394,0.10323318181818182,0.04653035714285715,-0.06726000000000001,0.13845892857142858,0.04237056052474657,0.1298875
2023-10-19,0.284387962962963,0.060135634920634916,0.20841795454545453,0.23364866666666667,0.23170571428571432,0.12918607142857144,0.071335,0.0016689285714285712,0.1203375641025641,0.1417
2023-10-20,0.08208121212121211,0.12070833333333333,0.11591583124477861,0.099648,0.12891214285714286,0.009729666666666659,-0.100475,0.26015,0.12031748792270532,0.187475
2023-10-23,0.0210375,0.15970022435897435,0.02531121212121213,0.03823482142857143,0.11699300000000001,0.1875271794871795,0.1173,0.3385666666666667,0.15431374999999997,-0.082775
2023-10-24,0.1102468253968254,0.10666416666666667,0.21278928571428574,0.2175566666666667,0.121242,0.28965321739130434,0.1921172619047619,0.21791999999999997,0.17763407592407593,0.11322916666666667
2023-10-25,0.22433719047619047,-0.0020749999999999853,0.22082904040404042,0.1603787878787879,0.0937347619047619,0.130245,0.15309999999999999,0.24363888888888888,0.18472937134502926,0.15333333333333335
2023-10-26,0.22286720085470085,0.09196666666666667,0.09598197802197801,0.19912400000000002,0.21818466666666664,0.1437192380952381,0.1178725,0.146309375,0.12754379831932774,0.29880757142857145
2023-10-27,-0.13443944444444444,0.23293857142857144,0.13583362068965515,0.07959375,0.198803,-0.05381466666666666,0.0193,0.124825,0.2126370682191372,0.31077777777777776
2023-10-30,0.21113333333333334,0.15417897435897437,0.07671513347763348,0.13287916666666666,0.05075866666666666,0.18050192307692306,0.16892000000000001,0.23765054545454545,0.04845069264069264,0.168775
2023-10-31,0.17583,0.15129566666666666,0.2396349285714286,0.10859791666666666,0.1252406403508772,0.13023619047619048,0.0,0.14568333333333333,0.1319833624288425,0.088845
2023-11-01,0.12276666666666669,0.17675488888888888,0.1487338888888889,0.10302500000000002,0.06340333333333333,0.12493000000000001,0.233208,0.06804444444444445,0.1280346376811594,0.13457999999999998
2023-11-02,0.05307833333333334,0.13172955555555554,0.07970058823529412,0.180348,0.2251692307692308,0.22563766666666668,0.0979625,0.22382333333333337,0.22188648888888887,0.26634450793650793
2023-11-03,0.16684000000000002,0.10336476190476192,0.17216874999999998,0.20951,0.14356190476190475,-0.0597,0.18189999999999998,0.28881,0.1661146666666667,0.049728571428571414
2023-11-06,0.031191999999999998,0.05127769841269843,0.1769597619047619,0.049264444444444444,0.1340873333333333,0.166861,0.3028666666666667,0.21829375,0.21990248051948053,0.19175
2023-11-07,0.181775,0.20962244444444442,0.22026583333333333,0.15867222222222221,0.08371111111111111,0.08329666666666667,0.021375,0.33617777777777774,0.3901142424242424,0.242475
2023-11-08,0.14654133333333333,0.048165641025641026,0.111728125,0.04031607142857143,0.0655095,0.12067333333333334,0.0129,-0.0784,0.07087683333333333,0.14740666666666666
2023-11-09,0.28239619047619047,0.15089877192982457,0.08233157575757576,0.010715555555555556,0.1682266666666667,0.31967083333333335,0.0016125,0.18625625,0.30013980952380953,0.318625
2023-11-10,0.11834,0.1500018787878788,0.09194380952380951,0.12510833333333332,0.10239708333333335,0.102775,-0.01766666666666668,-0.11866666666666666,0.2890048405797102,0.3923625
2023-11-13,0.271825,0.17127852173913044,0.18756133333333333,-0.14378696103896105,0.1322011111111111,0.020164166666666667,0.15498333333333333,0.127965,0.19285350264550266,0.12455833333333335
2023-11-14,0.0,0.09572488888888889,0.297255,0.09194142857142858,0.10007375,0.08235125,0.20937777777777777,0.24080000000000001,0.2905480971786834,0.39180000000000004
2023-11-15,0.20750000000000002,0.16828888888888888,0.1020125,0.16519444444444445,0.13342,0.13190119047619048,0.367,0.3395,0.08409572871572872,0.0
2023-11-16,0.007422222222222225,0.03007028571428571,-0.10828437499999999,0.06413166666666667,0.02616,0.130138,0.0502375,0.15621000000000002,0.11617035714285714,0.27993999999999997
2023-11-17,0.0,0.10485666666666667,0.18450238095238095,0.132338,0.08282916666666668,0.21380249999999998,0.24135,-0.005962499999999999,0.1825,0.14132499999999998
2023-11-20,0.17758000000000002,0.07351300432900434,0.04679375,0.02975,0.171025,0.019841666666666667,0.3876833333333334,0.13471666666666665,0.24379953900709223,0.1366
2023-11-21,0.07035000000000001,0.04026520833333333,0.14326642857142857,0.09396,0.11457250000000001,0.10361733333333337,0.05735,0.18286666666666665,0.18019261695906433,0.026019999999999998
2023-11-22,-0.030606666666666657,0.014070909090909092,0.12154285714285715,-0.09424266666666667,0.18041000000000001,0.16505833333333333,0.27741666666666664,-0.02435555555555555,0.12815316993464052,0.21307333333333334
2023-11-24,0.08878266666666668,-0.06559355555555554,0.151,0.06746784722222222,0.038858,0.2025028409090909,0.03291875,0.033716666666666666,0.11503132996632995,0.17715
2023-11-27,0.11505416666666667,0.15452435714285714,0.15175666666666668,0.0899925,0.21394666666666665,0.03903,0.02488333333333334,-0.015898717948717944,0.192892385620915,0.2371375
2023-11-28,0.12607666666666664,0.143878,-0.025393,0.14340444444444445,0.11145833333333333,0.027348437499999996,0.19914444444444443,0.29671666666666663,0.1967772619047619,0.0683
2023-11-29,0.04621600000000001,0.0798332142857143,0.05611583333333333,0.0975975,0.09941833333333334,0.11957333333333335,0.13288333333333333,0.16647833333333334,0.24191880952380948,0.17829166666666665
2023-11-30,0.2383,0.055096111111111123,0.15258166666666667,0.15005666666666667,0.08394833333333333,0.09315999999999999,0.100475,0.10236250000000001,0.10444214285714286,0.3484555555555556
2023-12-01,0.108025,0.20134285714285716,0.0,0.0010924999999999963,0.0,0.04788250000000001,0.1545375,0.09654,0.08814525490196079,0.27263333333333334
2023-12-04,0.11295916666666667,0.09863545454545455,0.05241666666666667,0.13199354166666666,0.063808,0.14856809523809525,0.0,0.26625,0.19285168067226893,0.3710333333333333
2023-12-05,0.11527814102564103,0.13237333333333334,-0.002125555555555559,0.1642822916666667,0.23183333333333334,-0.08232999999999999,0.0,0.1496125,0.15453813725490198,0.1531
2023-12-06,0.13796833333333333,0.10168177777777779,0.23192681318681316,-0.01888958333333333,0.226590625,0.05696583333333334,0.100475,0.14734583333333334,0.18852911111111112,0.23564444444444443
2023-12-07,0.05658166666666666,0.27541333333333334,-0.049162000000000004,0.12261111111111112,0.2054627272727273,-0.054916666666666655,0.01587499999999999,0.11,0.15416431428571428,0.16547499999999998
2023-12-08,0.06278999999999998,-0.015177000000000001,0.12318142857142858,0.087285,0.04376733333333334,0.03535625,0.2895666666666667,0.074,0.2072666573104315,0.03415
2023-12-11,0.08932571428571429,0.1371493145743146,0.12334751885369533,0.10272821428571428,0.1883268686868687,0.07055114285714285,0.14307333333333333,0.06682333333333333,0.13941372108843536,0.10922799999999999
2023-12-12,0.2095863756613757,-0.06970047619047619,0.05704423076923078,0.23702327272727275,0.11503700000000001,0.2582433333333333,0.12326666666666665,0.20538333333333333,0.12581422222222222,0.06729
2023-12-13,0.19577875,0.081376,0.22282000000000002,0.15850499999999998,0.041871666666666675,0.2282255238095238,0.4774666666666667,0.29161666666666664,0.19091823529411764,0.250025
2023-12-14,0.3182777777777778,0.07650533333333334,0.11932083333333333,0.042551111111111116,0.18938333333333335,0.11304166666666667,0.0,0.063965,0.16186099999999998,0.23744666666666667
2023-12-15,-0.012758333333333335,0.10830833333333334,0.022293846153846157,0.22047523809523809,0.0,0.074,-0.2732,0.156775,0.10970402020202022,0.08417777777777778
2023-12-18,0.23851742857142857,0.06994533333333333,0.1929982142857143,0.12082500000000002,0.1739369487179487,0.2511238095238095,-0.1279375,0.24529166666666666,0.12477426870748298,0.21715
2023-12-19,0.23851742857142857,0.06994533333333333,0.1929982142857143,0.12082500000000002,0.1739369487179487,0.2511238095238095,-0.1279375,0.24529166666666666,0.2082166666666667,0.21715
2023-12-20,0.23851742857142857,0.06994533333333333,0.1929982142857143,0.12082500000000002,0.1739369487179487,0.2511238095238095,-0.1279375,0.24529166666666666,-0.012939999999999997,0.21715
2023-12-21,0.23851742857142857,0.06994533333333333,0.1929982142857143,0.12082500000000002,0.1739369487179487,0.2511238095238095,-0.1279375,0.24529166666666666,0.1073375,0.21715
2023-12-22,0.23851742857142857,0.06994533333333333,0.1929982142857143,0.12082500000000002,0.1739369487179487,0.2511238095238095,-0.1279375,0.24529166666666666,0.1871,0.21715
2023-12-26,0.23851742857142857,0.06994533333333333,0.1929982142857143,0.12082500000000002,0.1739369487179487,0.2511238095238095,-0.1279375,0.24529166666666666,0.21273,0.21715
2023-12-27,0.23851742857142857,0.06994533333333333,0.1929982142857143,0.12082500000000002,0.1739369487179487,0.2511238095238095,-0.1279375,0.24529166666666666,0.181675,0.21715
2023-12-28,0.23851742857142857,0.06994533333333333,0.1929982142857143,0.12082500000000002,0.1739369487179487,0.2511238095238095,-0.1279375,0.24529166666666666,0.15716,0.21715
2023-12-29,0.23851742857142857,0.06994533333333333,0.1929982142857143,0.12082500000000002,0.1739369487179487,0.2511238095238095,-0.1279375,0.24529166666666666,0.1398375,0.21715
